{
  "13": {
    "fit_time": [
      16.933973789215088,
      17.021812438964844,
      17.09241485595703,
      17.026122093200684,
      17.28858256340027
    ],
    "score_time": [
      0.4775662422180176,
      0.4856705665588379,
      0.4731426239013672,
      0.49913477897644043,
      0.4712841510772705
    ],
    "test_r2": [
      0.23736948329935226,
      0.3949589854417853,
      0.15484172568116372,
      0.4161340804115953,
      0.3407188866365195
    ],
    "test_rmse": [
      -1.3277933345046877,
      -0.7576322382536881,
      -1.0215244186626637,
      -0.5241738592692691,
      -1.2898472755989383
    ],
    "test_mae": [
      -0.36397481704443363,
      -0.2327259883356245,
      -0.29998333826846146,
      -0.16169584962775743,
      -0.3528125251724467
    ],
    "best_params": {
      "check_inverse": true,
      "func": null,
      "inverse_func": null,
      "regressor__natural_gradient": true,
      "regressor__n_estimators": 2000,
      "regressor__learning_rate": 0.001,
      "regressor__minibatch_frac": 1.0,
      "regressor__col_sample": 1.0,
      "regressor__verbose": false,
      "transformer__memory": null,
      "transformer__verbose": false,
      "transformer__log transform__accept_sparse": false,
      "transformer__log transform__check_inverse": true,
      "transformer__log transform__feature_names_out": null,
      "transformer__log transform__inv_kw_args": null,
      "transformer__log transform__kw_args": null,
      "transformer__log transform__validate": false,
      "transformer__y scaler__copy": true,
      "transformer__y scaler__with_mean": true,
      "transformer__y scaler__with_std": true
    },
    "generalizability_scores": {
      "train_sizes": [
        33,
        132,
        230,
        330
      ],
      "train_sizes_fraction": [
        0.07990314769975787,
        0.3196125907990315,
        0.5569007263922519,
        0.7990314769975787
      ],
      "train_scores": [
        [
          0.9970358068447619,
          0.970358374433574,
          0.9263217969610025,
          0.9927718288530034,
          0.9033142835895309
        ],
        [
          0.8016046212189198,
          0.7532564454636285,
          0.8876713500373951,
          0.8038669158828933,
          0.7017038100287066
        ],
        [
          0.8579018394911129,
          0.7532970031563719,
          0.8047896385919061,
          0.7550016315889714,
          0.535119442065995
        ],
        [
          0.7348910180119208,
          0.6767422001338639,
          0.7490698273874602,
          0.6234497728012253,
          0.5507637672957357
        ]
      ],
      "test_scores": [
        [
          0.10575048693218037,
          -0.2775125671902152,
          0.07848443206396516,
          0.2404035804774074,
          -0.061786962653915145
        ],
        [
          0.34970566933358915,
          0.6678897615225166,
          0.21336007458637007,
          0.7167504310110794,
          0.3793717129119787
        ],
        [
          0.592933313294637,
          0.5941683148087777,
          0.24586083639008816,
          0.7096279784960875,
          0.6041754379953905
        ],
        [
          0.3431485050179255,
          0.7525026064178917,
          0.2742657586753158,
          0.7316113341782171,
          0.5916250865120325
        ]
      ]
    }
  },
  "42": {
    "fit_time": [
      16.36816954612732,
      16.44053602218628,
      16.41151738166809,
      16.475513219833374,
      16.219459772109985
    ],
    "score_time": [
      0.446657657623291,
      0.4634826183319092,
      0.4364941120147705,
      0.4488236904144287,
      0.4493691921234131
    ],
    "test_r2": [
      0.164055907584443,
      0.3060450876099504,
      0.2908236141975252,
      0.3383679828706987,
      0.42480328668052636
    ],
    "test_rmse": [
      -1.6729321720192383,
      -0.5968957043912847,
      -0.9028320502765337,
      -1.1851748776813331,
      -0.34715382150355084
    ],
    "test_mae": [
      -0.5407224966322888,
      -0.17203879294096336,
      -0.22191560098817945,
      -0.40962966019743396,
      -0.09650656884690438
    ],
    "best_params": {
      "check_inverse": true,
      "func": null,
      "inverse_func": null,
      "regressor__natural_gradient": true,
      "regressor__n_estimators": 2000,
      "regressor__learning_rate": 0.001,
      "regressor__minibatch_frac": 1.0,
      "regressor__col_sample": 1.0,
      "regressor__verbose": false,
      "transformer__memory": null,
      "transformer__verbose": false,
      "transformer__log transform__accept_sparse": false,
      "transformer__log transform__check_inverse": true,
      "transformer__log transform__feature_names_out": null,
      "transformer__log transform__inv_kw_args": null,
      "transformer__log transform__kw_args": null,
      "transformer__log transform__validate": false,
      "transformer__y scaler__copy": true,
      "transformer__y scaler__with_mean": true,
      "transformer__y scaler__with_std": true
    },
    "generalizability_scores": {
      "train_sizes": [
        33,
        132,
        230,
        330
      ],
      "train_sizes_fraction": [
        0.07990314769975787,
        0.3196125907990315,
        0.5569007263922519,
        0.7990314769975787
      ],
      "train_scores": [
        [
          0.9935378537437332,
          0.9997520277415033,
          0.9840910866012543,
          0.836546181037566,
          0.9785672051696324
        ],
        [
          0.7953301244028836,
          0.8790858388006433,
          0.8073064104144055,
          0.8157988799288373,
          0.9330556289227044
        ],
        [
          0.7291297463515976,
          0.7708298010398501,
          0.6936781028676314,
          0.7371718216264966,
          0.8195932931156771
        ],
        [
          0.6126446648815311,
          0.6715476717679946,
          0.6293236658902658,
          0.6735701747431893,
          0.6445305016457745
        ]
      ],
      "test_scores": [
        [
          0.14821283591649392,
          -0.026795203968182912,
          0.3230804906102832,
          0.41744973272243036,
          0.005816376425016645
        ],
        [
          0.4494871743826705,
          0.7454984578665476,
          0.4946018816874709,
          0.5784012761350923,
          -0.9180993420356729
        ],
        [
          0.5530761130245919,
          0.6432004666200801,
          0.5767522117203934,
          0.6066096569391194,
          0.49536094381857976
        ],
        [
          0.4304924694137596,
          0.5228683127248848,
          0.5952045168007314,
          0.569702309396956,
          0.5778283621814092
        ]
      ]
    }
  },
  "69": {
    "fit_time": [
      15.923741817474365,
      15.976746797561646,
      15.812040328979492,
      16.18468976020813,
      15.836591005325317
    ],
    "score_time": [
      0.4473721981048584,
      0.4513413906097412,
      0.4490203857421875,
      0.43636369705200195,
      0.4346795082092285
    ],
    "test_r2": [
      0.4631955585859011,
      0.19414626992046657,
      0.31340298571576264,
      0.1998519244982767,
      0.2392201966822296
    ],
    "test_rmse": [
      -0.8231888640145376,
      -1.5429061496564531,
      -0.9778061854837373,
      -0.6773082676491381,
      -0.9787714890503049
    ],
    "test_mae": [
      -0.26567707672671775,
      -0.44422542878078275,
      -0.3096283115115676,
      -0.14423301652258652,
      -0.24745648112361396
    ],
    "best_params": {
      "check_inverse": true,
      "func": null,
      "inverse_func": null,
      "regressor__natural_gradient": true,
      "regressor__n_estimators": 2000,
      "regressor__learning_rate": 0.001,
      "regressor__minibatch_frac": 1.0,
      "regressor__col_sample": 1.0,
      "regressor__verbose": false,
      "transformer__memory": null,
      "transformer__verbose": false,