{
  "13": {
    "fit_time": [
      0.016802310943603516,
      0.010470867156982422,
      0.010657310485839844,
      0.01782059669494629,
      0.010603666305541992
    ],
    "score_time": [
      0.006179332733154297,
      0.006289005279541016,
      0.006082057952880859,
      0.0067901611328125,
      0.006264925003051758
    ],
    "test_r2": [
      -0.09440370879285864,
      -0.1142656067288379,
      -0.09508098182188163,
      -0.03487283145750886,
      -0.06891635535674978
    ],
    "test_rmse": [
      -1.5906043742020983,
      -1.0281592834597844,
      -1.1627941736954908,
      -0.6978503304107858,
      -1.6423844878762892
    ],
    "test_mae": [
      -0.46824255943528575,
      -0.3426638131440284,
      -0.3558109378892204,
      -0.22648613350842975,
      -0.47946479039492323
    ],
    "best_params": {
      "check_inverse": true,
      "func": null,
      "inverse_func": null,
      "regressor__alpha": 0.00010121932402592672,
      "regressor__copy_X": true,
      "regressor__fit_intercept": true,
      "regressor__l1_ratio": 0.1309925202849467,
      "regressor__max_iter": 1000,
      "regressor__positive": false,
      "regressor__precompute": false,
      "regressor__random_state": null,
      "regressor__selection": "cyclic",
      "regressor__tol": 0.0001,
      "regressor__warm_start": false,
      "transformer__memory": null,
      "transformer__verbose": false,
      "transformer__log transform__accept_sparse": false,
      "transformer__log transform__check_inverse": true,
      "transformer__log transform__feature_names_out": null,
      "transformer__log transform__inv_kw_args": null,
      "transformer__log transform__kw_args": null,
      "transformer__log transform__validate": false,
      "transformer__y scaler__copy": true,
      "transformer__y scaler__with_mean": true,
      "transformer__y scaler__with_std": true
    },
    "generalizability_scores": {
      "train_sizes": [
        33,
        132,
        230,
        330
      ],
      "train_sizes_fraction": [
        0.07990314769975787,
        0.3196125907990315,
        0.5569007263922519,
        0.7990314769975787
      ],
      "train_scores": [
        [
          -0.1826354816104343,
          -0.10680675622486135,
          -0.13013200173569284,
          -0.09667761353260262,
          -0.488250736301338
        ],
        [
          -0.09653953220263123,
          -0.104427520616311,
          -0.10138636453645256,
          -0.10345745221449287,
          -0.11083840749967888
        ],
        [
          -0.08903345029068421,
          -0.08658581524796327,
          -0.10127132414422069,
          -0.09067085365806338,
          -0.09444409873940018
        ],
        [
          -0.09335807987238587,
          -0.08671648667659815,
          -0.08873994112981443,
          -0.09296379763610885,
          -0.09590077812854303
        ]
      ],
      "test_scores": [
        [
          -0.09233609415988053,
          -0.11028321744487113,
          -0.09727633153465298,
          -0.11849373224814208,
          -0.09274313707669668
        ],
        [
          -0.09232005970619017,
          -0.11589395707759009,
          -0.10538245262599344,
          -0.09698758678566888,
          -0.08743650673094461
        ],
        [
          -0.09257759510910879,
          -0.11778333554991116,
          -0.10275414880429179,
          -0.10196280276228875,
          -0.08906551709430643
        ],
        [
          -0.0915717718029847,
          -0.11931431628729006,
          -0.10430311561431216,
          -0.10138289980425874,
          -0.08938025685275353
        ]
      ]
    }
  },
  "42": {
    "fit_time": [
      0.011487245559692383,
      0.010372400283813477,
      0.01068735122680664,
      0.017131567001342773,
      0.012002706527709961
    ],
    "score_time": [
      0.006407260894775391,
      0.006947755813598633,
      0.0063245296478271484,
      0.007627010345458984,
      0.006292819976806641
    ],
    "test_r2": [
      -0.0918514686426759,
      -0.10752801560047187,
      -0.066358807427642,
      -0.1297009063722343,
      0.014205122958324767
    ],
    "test_rmse": [
      -1.9119278436619125,
      -0.754067436408201,
      -1.1070863985670865,
      -1.5486594222254382,
      -0.4544718947198953
    ],
    "test_mae": [
      -0.6508536206729648,
      -0.24714520727256267,
      -0.2904437078795962,
      -0.5304775523508595,
      -0.14435132776741696
    ],
    "best_params": {
      "check_inverse": true,
      "func": null,
      "inverse_func": null,
      "regressor__alpha": 0.00010101971394088001,
      "regressor__copy_X": true,
      "regressor__fit_intercept": true,
      "regressor__l1_ratio": 0.0010419083820449873,
      "regressor__max_iter": 1000,
      "regressor__positive": false,
      "regressor__precompute": false,
      "regressor__random_state": null,
      "regressor__selection": "cyclic",
      "regressor__tol": 0.0001,
      "regressor__warm_start": false,
      "transformer__memory": null,
      "transformer__verbose": false,
      "transformer__log transform__accept_sparse": false,
      "transformer__log transform__check_inverse": true,
      "transformer__log transform__feature_names_out": null,
      "transformer__log transform__inv_kw_args": null,
      "transformer__log transform__kw_args": null,
      "transformer__log transform__validate": false,
      "transformer__y scaler__copy": true,
      "transformer__y scaler__with_mean": true,
      "transformer__y scaler__with_std": true
    },
    "generalizability_scores": {
      "train_sizes": [
        33,
        132,
        230,
        330
      ],
      "train_sizes_fraction": [
        0.07990314769975787,
        0.3196125907990315,
        0.5569007263922519,
        0.7990314769975787
      ],
      "train_scores": [
        [
          -0.15210767719404217,
          -0.06771976777500988,
          -0.17270580857529394,
          -0.10626473996272257,
          -0.14577930178715848
        ],
        [
          -0.10478676887912952,
          -0.10279587209994911,
          -0.11015079441474729,
          -0.09481573584994418,
          -0.1378324172483505
        ],
        [
          -0.09677338358168464,
          -0.10192745841938655,
          -0.093285721292649,
          -0.08871727133900786,
          -0.10689619387180072
        ],
        [
          -0.08778191145095904,
          -0.09202228173399929,
          -0.09546018579034499,
          -0.08257148319079533,
          -0.10036192773445696
        ]
      ],
      "test_scores": [
        [
          -0.12676735905807535,
          -0.11976887120007351,
          -0.07208136374295382,
          -0.12266048314646127,
          -0.09860940986317024
        ],
        [
          -0.12478341548418248,
          -0.11949018659343436,
          -0.07468578418543781,
          -0.12630471869500925,
          -0.06882499332319081
        ],
        [
          -0.12600494016303965,
          -0.11800423234978963,
          -0.07249348068789296,
          -0.1281646328533128,
          -0.0821320306908242
        ],
        [
          -0.1272741447514789,
          -0.1169083038233385,
          -0.07308056721307477,
          -0.13066716803853673,
          -0.08635967694705116
        ]
      ]
    }
  },
  "69": {
    "fit_time": [
      0.017575502395629883,
      0.017529964447021484,
      0.01201319694519043,
      0.012116193771362305,
      0.015377283096313477
    ],
    "score_time": [
      0.006463050842285156,
      0.0063784122467041016,
      0.007190227508544922,
      0.006328105926513672,
      0.00613713264465332
    ],
    "test_r2": [
      -0.11918421840395466,
      -0.0909813117353262,
      -0.10323021133066002,
      -0.03680887226991092,
      -0.07465077609891346
    ],