{
  "13": {
    "fit_time": [
      0.015420913696289062,
      0.016853809356689453,
      0.016862154006958008,
      0.015440940856933594,
      0.016798019409179688
    ],
    "score_time": [
      0.00632476806640625,
      0.0061321258544921875,
      0.005979299545288086,
      0.005996227264404297,
      0.005998134613037109
    ],
    "test_r2": [
      -0.07030821007306431,
      0.12103761139968605,
      -0.09157806224626674,
      -0.10178395512571115,
      -0.07135705969765072
    ],
    "test_rmse": [
      -1.5729967407617274,
      -0.9131690514531582,
      -1.1609329245937454,
      -0.7200572333996492,
      -1.6442584835814544
    ],
    "test_mae": [
      -0.4748660883052403,
      -0.29344780068432913,
      -0.3685810609803684,
      -0.2532379982554551,
      -0.4835150348473315
    ],
    "best_params": {
      "check_inverse": true,
      "func": null,
      "inverse_func": null,
      "regressor__ccp_alpha": 0.05,
      "regressor__criterion": "squared_error",
      "regressor__max_depth": null,
      "regressor__max_features": null,
      "regressor__max_leaf_nodes": null,
      "regressor__min_impurity_decrease": 0.0,
      "regressor__min_samples_leaf": 0.05,
      "regressor__min_samples_split": 0.05,
      "regressor__min_weight_fraction_leaf": 0.0,
      "regressor__monotonic_cst": null,
      "regressor__random_state": null,
      "regressor__splitter": "best",
      "transformer__memory": null,
      "transformer__verbose": false,
      "transformer__log transform__accept_sparse": false,
      "transformer__log transform__check_inverse": true,
      "transformer__log transform__feature_names_out": null,
      "transformer__log transform__inv_kw_args": null,
      "transformer__log transform__kw_args": null,
      "transformer__log transform__validate": false,
      "transformer__y scaler__copy": true,
      "transformer__y scaler__with_mean": true,
      "transformer__y scaler__with_std": true
    },
    "generalizability_scores": {
      "train_sizes": [
        33,
        132,
        230,
        330
      ],
      "train_sizes_fraction": [
        0.07990314769975787,
        0.3196125907990315,
        0.5569007263922519,
        0.7990314769975787
      ],
      "train_scores": [
        [
          0.7644658367094256,
          0.9598974709923902,
          0.9417552605585097,
          0.9950079890987593,
          0.7738531370557133
        ],
        [
          0.9099443454069399,
          0.8510220715653565,
          0.9391462904238461,
          0.8960290201131462,
          0.8665731951093638
        ],
        [
          0.8404187309756728,
          0.8518008501751588,
          0.9080517466435398,
          0.9070075975982249,
          0.6674738346626744
        ],
        [
          0.8317328798297222,
          0.7349322014359368,
          0.8038911954201987,
          0.7784926516093331,
          0.6725501942220906
        ]
      ],
      "test_scores": [
        [
          -0.10354904179149393,
          -1.943998313288366,
          -0.0982116762539551,
          -0.09144724271561744,
          -0.059585451717254045
        ],
        [
          0.23234596572452193,
          -0.32650169419019615,
          -0.11319898895486658,
          0.24375893306927354,
          0.007961836695466795
        ],
        [
          0.7180572261685672,
          0.08685615204001618,
          0.05187067494171371,
          -1.6401668627856933,
          0.14286393615115456
        ],
        [
          0.14572951343666474,
          0.07303714899063407,
          0.32093516992602744,
          -1.3908447783662323,
          0.5103307470985827
        ]
      ]
    }
  },
  "42": {
    "fit_time": [
      0.017367124557495117,
      0.01731562614440918,
      0.009544849395751953,
      0.01556086540222168,
      0.014113664627075195
    ],
    "score_time": [
      0.006281375885009766,
      0.0065686702728271484,
      0.0059356689453125,
      0.006426334381103516,
      0.006339073181152344
    ],
    "test_r2": [
      -0.11467119727287045,
      -0.0966374767503424,
      -0.04461530407019021,
      -0.11734915067386908,
      -0.051911813177653254
    ],
    "test_rmse": [
      -1.9318042013866863,
      -0.7503508312708403,
      -1.0957412898201293,
      -1.54016990208926,
      -0.4694652148633957
    ],
    "test_mae": [
      -0.6636531137970241,
      -0.2513652120544316,
      -0.28451766057130645,
      -0.5351756290887687,
      -0.1424210288487596
    ],
    "best_params": {
      "check_inverse": true,
      "func": null,
      "inverse_func": null,
      "regressor__ccp_alpha": 0.05,
      "regressor__criterion": "squared_error",
      "regressor__max_depth": null,
      "regressor__max_features": "sqrt",
      "regressor__max_leaf_nodes": null,
      "regressor__min_impurity_decrease": 0.0,
      "regressor__min_samples_leaf": 0.05,
      "regressor__min_samples_split": 0.05,
      "regressor__min_weight_fraction_leaf": 0.0,
      "regressor__monotonic_cst": null,
      "regressor__random_state": null,
      "regressor__splitter": "best",
      "transformer__memory": null,
      "transformer__verbose": false,
      "transformer__log transform__accept_sparse": false,
      "transformer__log transform__check_inverse": true,
      "transformer__log transform__feature_names_out": null,
      "transformer__log transform__inv_kw_args": null,
      "transformer__log transform__kw_args": null,
      "transformer__log transform__validate": false,
      "transformer__y scaler__copy": true,
      "transformer__y scaler__with_mean": true,
      "transformer__y scaler__with_std": true
    },
    "generalizability_scores": {
      "train_sizes": [
        33,
        132,
        230,
        330
      ],
      "train_sizes_fraction": [
        0.07990314769975787,
        0.3196125907990315,
        0.5569007263922519,
        0.7990314769975787
      ],
      "train_scores": [
        [
          0.9521980464973469,
          0.9984500513599738,
          0.7420695287007966,
          0.8233830640695106,
          0.981618782260766
        ],
        [
          0.8904649652944773,
          0.8852174105408882,
          0.8599306733388254,
          0.9114139620442354,
          0.9716447984097681
        ],
        [
          0.8700016878248392,
          0.9129150650048417,
          0.6502172725990155,
          0.8302820354663376,
          0.9461333184622095
        ],
        [
          0.7343671435628464,
          0.7265778049274498,
          0.7012790118407213,
          0.7690122678338175,
          0.7989884811497698
        ]
      ],
      "test_scores": [
        [
          0.009592330353542455,
          -0.21279568549716887,
          0.07166949389364174,
          -1.149136507515761,
          -15.332637478147788
        ],
        [
          0.47402063434438346,
          0.46844226931108224,
          0.27858469676245545,
          0.19749571672018107,
          -6.1610032756442275
        ],
        [
          0.5390567906300169,
          0.7151335762151954,
          0.2664787548116879,
          0.34182072853815815,
          -4.27213280564397
        ],
        [
          0.42381930003420276,
          0.7164308572097223,
          0.4000936955531137,
          0.5678024275761661,
          -4.294306526639373
        ]
      ]
    }
  },
  "69": {
    "fit_time": [
      0.015180826187133789,
      0.015163421630859375,
      0.015041589736938477,
      0.012486934661865234,
      0.015414714813232422
    ],
    "score_time": [
      0.00644373893737793,
      0.006396293640136719,
      0.006476640701293945,
      0.005953311920166016,
      0.006372690200805664
    ],
    "test_r2": [
      -0.13110636889370664,
      -0.09660476170095178,
      -0.11762628601719571,
      -0.0454742300943054,
      -0.07478040020402599
    ],