{
  "13": {
    "fit_time": [
      20.226847648620605,
      17.342448234558105,
      16.4000244140625,
      21.7853946685791,
      21.10769009590149
    ],
    "score_time": [
      0.49713873863220215,
      0.5085058212280273,
      0.6842329502105713,
      0.5042531490325928,
      0.4948427677154541
    ],
    "test_r2": [
      -0.02216486151295416,
      0.05621288863762419,
      0.09796784405767545,
      0.031912363565832935,
      -0.06608753062535655
    ],
    "test_rmse": [
      -1.5372123609568824,
      -0.9462438273440944,
      -1.0553359643607076,
      -0.6749570415977739,
      -1.6402098108015366
    ],
    "test_mae": [
      -0.44370288276726355,
      -0.3002412057226068,
      -0.3221168808531173,
      -0.21221673821553752,
      -0.4667026365099638
    ],
    "best_params": {
      "check_inverse": true,
      "func": null,
      "inverse_func": null,
      "regressor__natural_gradient": true,
      "regressor__n_estimators": 2000,
      "regressor__learning_rate": 0.001,
      "regressor__minibatch_frac": 1.0,
      "regressor__col_sample": 1.0,
      "regressor__verbose": false,
      "transformer__memory": null,
      "transformer__verbose": false,
      "transformer__log transform__accept_sparse": false,
      "transformer__log transform__check_inverse": true,
      "transformer__log transform__feature_names_out": null,
      "transformer__log transform__inv_kw_args": null,
      "transformer__log transform__kw_args": null,
      "transformer__log transform__validate": false,
      "transformer__y scaler__copy": true,
      "transformer__y scaler__with_mean": true,
      "transformer__y scaler__with_std": true
    },
    "generalizability_scores": {
      "train_sizes": [
        33,
        132,
        230,
        330
      ],
      "train_sizes_fraction": [
        0.07990314769975787,
        0.3196125907990315,
        0.5569007263922519,
        0.7990314769975787
      ],
      "train_scores": [
        [
          0.6837753591375877,
          0.8002720025892771,
          0.8024451578997657,
          0.9112418691977544,
          0.7207635787755757
        ],
        [
          0.4399908326479146,
          0.3548304765491358,
          0.2314953575501677,
          0.525473873821016,
          0.6557506230651258
        ],
        [
          0.25143678054156526,
          0.27241673622474794,
          0.27213867231214306,
          0.35067347635949897,
          0.4105333298506083
        ],
        [
          0.30683970408499317,
          0.25991755367501945,
          0.17733332117470912,
          0.25696239529577447,
          0.2688716841167903
        ]
      ],
      "test_scores": [
        [
          -0.020023396945071603,
          -0.16433039526448323,
          0.5587925458619138,
          -0.09123366066469218,
          -0.07370223340137017
        ],
        [
          0.07113431922378577,
          0.2305344607139399,
          0.41007958199840167,
          0.4171638186928178,
          -0.05989974933293629
        ],
        [
          0.0714668117282996,
          0.18930458680794093,
          0.413440253146347,
          0.6109724672894973,
          -0.0396269201350643
        ],
        [
          0.04991191301426745,
          0.20295601049341705,
          0.41538535594114134,
          0.48405116690856587,
          0.017236702258624836
        ]
      ]
    }
  },
  "42": {
    "fit_time": [
      17.33751678466797,
      16.35757088661194,
      20.308902502059937,
      17.2409770488739,
      22.519001960754395
    ],
    "score_time": [
      0.5017879009246826,
      0.49808168411254883,
      0.47939205169677734,
      0.49660253524780273,
      0.5026071071624756
    ],
    "test_r2": [
      -0.060300689376617145,
      0.0801885935812423,
      0.08820936488119768,
      0.01201040443141499,
      0.2617132136078968
    ],
    "test_rmse": [
      -1.884101253553532,
      -0.6871985298213177,
      -1.0237110677852712,
      -1.4482727728107931,
      -0.3933021316902894
    ],
    "test_mae": [
      -0.6302807892728749,
      -0.224316920820226,
      -0.2629544410802218,
      -0.48166711675582585,
      -0.11039542980613216
    ],
    "best_params": {
      "check_inverse": true,
      "func": null,
      "inverse_func": null,
      "regressor__natural_gradient": true,
      "regressor__n_estimators": 2000,
      "regressor__learning_rate": 0.001,
      "regressor__minibatch_frac": 1.0,
      "regressor__col_sample": 1.0,
      "regressor__verbose": false,
      "transformer__memory": null,
      "transformer__verbose": false,
      "transformer__log transform__accept_sparse": false,
      "transformer__log transform__check_inverse": true,
      "transformer__log transform__feature_names_out": null,
      "transformer__log transform__inv_kw_args": null,
      "transformer__log transform__kw_args": null,
      "transformer__log transform__validate": false,
      "transformer__y scaler__copy": true,
      "transformer__y scaler__with_mean": true,
      "transformer__y scaler__with_std": true
    },
    "generalizability_scores": {
      "train_sizes": [
        33,
        132,
        230,
        330
      ],
      "train_sizes_fraction": [
        0.07990314769975787,
        0.3196125907990315,
        0.5569007263922519,
        0.7990314769975787
      ],
      "train_scores": [
        [
          0.9511985997618043,
          0.9448991471891928,
          0.7346370318352865,
          0.7962429369017644,
          0.8427663434436904
        ],
        [
          0.16261575151524776,
          0.5287056469723175,
          0.2692112145470936,
          0.19657204051401334,
          0.34243748878108804
        ],
        [
          0.3033480518726901,
          0.4191211096592449,
          0.20566809028450517,
          0.27418567522065684,
          0.34768854740307
        ],
        [
          0.26508009579602965,
          0.23254263295964717,
          0.27826799882052944,
          0.2675457411748793,
          0.29051228369822735
        ]
      ],
      "test_scores": [
        [
          -0.004527134797896126,
          -0.11359709421761655,
          0.11099700635154308,
          0.09793343047691405,
          -3.4131164358185933
        ],
        [
          0.03663502301065813,
          0.4385520342726661,
          0.2367063264136755,
          0.14489058618924744,
          0.35305276025772214
        ],
        [
          0.04907651584585704,
          0.5088167630581595,
          0.1263639437940033,
          0.12820527429188544,
          0.29064228542709725
        ],
        [
          0.07123066166034442,
          0.3759869380683508,
          0.2852894098961929,
          0.1474243171979821,
          0.557924672755684
        ]
      ]
    }
  },
  "69": {
    "fit_time": [
      16.289865732192993,
      16.57820963859558,
      15.43491816520691,
      16.290902376174927,
      15.847013473510742
    ],
    "score_time": [
      0.5196642875671387,
      0.48241305351257324,
      0.4683806896209717,
      0.5081865787506104,
      0.5030956268310547
    ],
    "test_r2": [
      -0.06871754639877858,
      -0.039000166136769376,
      -0.007201290500303603,
      0.21461279633183195,
      0.0767538526190581
    ],
    "test_rmse": [
      -1.161509874784078,
      -1.751939918586094,
      -1.1842951800122585,
      -0.6710318048912379,
      -1.0782279235322012
    ],
    "test_mae": [
      -0.3877214629972004,
      -0.521673752407599,
      -0.37305526799493205,
      -0.16259491577339785,
      -0.2862482117119403
    ],
    "best_params": {
      "check_inverse": true,
      "func": null,
      "inverse_func": null,
      "regressor__natural_gradient": true,
      "regressor__n_estimators": 2000,
      "regressor__learning_rate": 0.001,
      "regressor__minibatch_frac": 1.0,
      "regressor__col_sample": 1.0,
      "regressor__verbose": false,
      "transformer__memory": null,