{
  "13": {
    "fit_time": [
      21.241154432296753,
      23.093530416488647,
      27.401808738708496,
      20.462218761444092,
      20.268174409866333
    ],
    "score_time": [
      0.7575109004974365,
      0.6270544528961182,
      0.6707525253295898,
      0.6478145122528076,
      0.6397795677185059
    ],
    "test_r2": [
      0.24340333520274882,
      0.47248112638000095,
      0.12615356396907018,
      0.5382585696811308,
      0.32893916246398447
    ],
    "test_rmse": [
      -1.3225302233969094,
      -0.7074325518837036,
      -1.038717116842904,
      -0.4661419811563054,
      -1.3013194492003684
    ],
    "test_mae": [
      -0.37272095615182965,
      -0.23649848358513206,
      -0.3155996206740543,
      -0.1610951720968361,
      -0.36914161965192854
    ],
    "best_params": {
      "check_inverse": true,
      "func": null,
      "inverse_func": null,
      "regressor__natural_gradient": true,
      "regressor__n_estimators": 2000,
      "regressor__learning_rate": 0.001,
      "regressor__minibatch_frac": 1.0,
      "regressor__col_sample": 1.0,
      "regressor__verbose": false,
      "transformer__memory": null,
      "transformer__verbose": false,
      "transformer__log transform__accept_sparse": false,
      "transformer__log transform__check_inverse": true,
      "transformer__log transform__feature_names_out": null,
      "transformer__log transform__inv_kw_args": null,
      "transformer__log transform__kw_args": null,
      "transformer__log transform__validate": false,
      "transformer__y scaler__copy": true,
      "transformer__y scaler__with_mean": true,
      "transformer__y scaler__with_std": true
    },
    "generalizability_scores": {
      "train_sizes": [
        33,
        132,
        230,
        330
      ],
      "train_sizes_fraction": [
        0.07990314769975787,
        0.3196125907990315,
        0.5569007263922519,
        0.7990314769975787
      ],
      "train_scores": [
        [
          0.9571048939806579,
          0.9954285857923543,
          0.9407659459973864,
          0.9911904674770023,
          0.7630617113019256
        ],
        [
          0.7877042546407371,
          0.6947466426120409,
          0.8867731937147338,
          0.8781514570141007,
          0.7614869059125029
        ],
        [
          0.8181785998425314,
          0.7030524795841196,
          0.8396065563709663,
          0.7663355890886079,
          0.5954079403394497
        ],
        [
          0.7348834491609746,
          0.6792363105859093,
          0.7738363523828631,
          0.6962386111187003,
          0.5849996816869953
        ]
      ],
      "test_scores": [
        [
          0.22540012469147985,
          0.24956711592291947,
          -0.008949106972410581,
          0.5168093836768128,
          -0.06328280458407587
        ],
        [
          0.660216773389901,
          0.7737837923191901,
          0.25944364004972775,
          0.4242383264033628,
          0.4627021358782484
        ],
        [
          0.648837159137623,
          0.8050212032631294,
          0.10652367377449945,
          0.6742896069777928,
          0.699865603582799
        ],
        [
          0.45543366853993317,
          0.7879940116361503,
          0.2488491300504525,
          0.6911730782533642,
          0.733916301476889
        ]
      ]
    }
  },
  "42": {
    "fit_time": [
      19.039827585220337,
      17.25211501121521,
      18.1675386428833,
      21.03456974029541,
      18.351015329360962
    ],
    "score_time": [
      0.6385176181793213,
      1.0586142539978027,
      0.6660912036895752,
      0.6955022811889648,
      0.6728134155273438
    ],
    "test_r2": [
      0.300958988177248,
      0.29773922035460776,
      0.3315789466281376,
      0.3444293600898366,
      0.3124039617684221
    ],
    "test_rmse": [
      -1.5298225019959326,
      -0.6004571677302348,
      -0.8765060038433479,
      -1.1797335441689865,
      -0.3795599976945918
    ],
    "test_mae": [
      -0.5059341758272605,
      -0.177975857052083,
      -0.2294546586178333,
      -0.4166508035657184,
      -0.10922280139328827
    ],
    "best_params": {
      "check_inverse": true,
      "func": null,
      "inverse_func": null,
      "regressor__natural_gradient": true,
      "regressor__n_estimators": 2000,
      "regressor__learning_rate": 0.001,
      "regressor__minibatch_frac": 1.0,
      "regressor__col_sample": 1.0,
      "regressor__verbose": false,
      "transformer__memory": null,
      "transformer__verbose": false,
      "transformer__log transform__accept_sparse": false,
      "transformer__log transform__check_inverse": true,
      "transformer__log transform__feature_names_out": null,
      "transformer__log transform__inv_kw_args": null,
      "transformer__log transform__kw_args": null,
      "transformer__log transform__validate": false,
      "transformer__y scaler__copy": true,
      "transformer__y scaler__with_mean": true,
      "transformer__y scaler__with_std": true
    },
    "generalizability_scores": {
      "train_sizes": [
        33,
        132,
        230,
        330
      ],
      "train_sizes_fraction": [
        0.07990314769975787,
        0.3196125907990315,
        0.5569007263922519,
        0.7990314769975787
      ],
      "train_scores": [
        [
          0.9824839669232274,
          0.9957880780926506,
          0.988433938398866,
          0.8384837069336966,
          0.9614275006645818
        ],
        [
          0.8695915172505726,
          0.7959727609631533,
          0.6757586854872496,
          0.7950945578022244,
          0.9101435705180557
        ],
        [
          0.681866810212991,
          0.7457958542500753,
          0.713518092612119,
          0.7661529199185528,
          0.8566543392350663
        ],
        [
          0.678077428050113,
          0.6969577746795974,
          0.6850091398608311,
          0.7092242695315065,
          0.6915155569924845
        ]
      ],
      "test_scores": [
        [
          0.3333338375932887,
          -0.5066620430968922,
          0.3655932921328211,
          0.6834765572059662,
          -0.04009330463559557
        ],
        [
          0.7021128526409363,
          0.5121569854176105,
          0.5217047967205424,
          0.4972082205724667,
          0.13506762102614234
        ],
        [
          0.6158303036686059,
          0.7079949218782768,
          0.6599464370430268,
          0.5612204699505012,
          0.2714496807633232
        ],
        [
          0.5734625248339058,
          0.5345339567692406,
          0.6879291414689078,
          0.6537518792492943,
          0.36034235524529123
        ]
      ]
    }
  },
  "69": {
    "fit_time": [
      22.386462211608887,
      21.3601016998291,
      21.86531400680542,
      23.490411043167114,
      22.695857524871826
    ],
    "score_time": [
      0.6335551738739014,
      0.6599493026733398,
      0.6531507968902588,
      0.6335189342498779,
      0.6215968132019043
    ],
    "test_r2": [
      0.594175262601194,
      0.3119880499279397,
      0.34184151222291814,
      0.22030864847500542,
      0.39575402061094667
    ],
    "test_rmse": [
      -0.7157489088987428,
      -1.4256384192744176,
      -0.9573419023813432,
      -0.6685941200746875,
      -0.8722856088686907
    ],
    "test_mae": [
      -0.2523142247951315,
      -0.42697113590615193,
      -0.31704177968457936,
      -0.1549171017058028,
      -0.244019379859349
    ],
    "best_params": {
      "check_inverse": true,
      "func": null,
      "inverse_func": null,
      "regressor__natural_gradient": true,
      "regressor__n_estimators": 2000,
      "regressor__learning_rate": 0.001,
      "regressor__minibatch_frac": 1.0,
      "regressor__col_sample": 1.0,
      "regressor__verbose": false,
      "transformer__memory": null,
      "transformer__verbose": false,