{
  "13": {
    "fit_time": [
      14.90888261795044,
      15.336701154708862,
      14.514551401138306,
      14.447100162506104,
      14.983590602874756
    ],
    "score_time": [
      0.487276554107666,
      0.4807593822479248,
      0.46498918533325195,
      0.4728693962097168,
      0.4936974048614502
    ],
    "test_r2": [
      0.21922612503056593,
      0.30740562211539557,
      0.007856863960059801,
      0.6241702944714937,
      0.2877147666500518
    ],
    "test_rmse": [
      -1.3434949272729504,
      -0.8105979840196711,
      -1.1067942513379871,
      -0.4205468143467126,
      -1.3406948584781142
    ],
    "test_mae": [
      -0.3911213678560844,
      -0.28482557402878206,
      -0.32764375995287787,
      -0.15586842702115525,
      -0.3933884717755611
    ],
    "best_params": {
      "check_inverse": true,
      "func": null,
      "inverse_func": null,
      "regressor__natural_gradient": true,
      "regressor__n_estimators": 2000,
      "regressor__learning_rate": 0.001,
      "regressor__minibatch_frac": 1.0,
      "regressor__col_sample": 1.0,
      "regressor__verbose": false,
      "transformer__memory": null,
      "transformer__verbose": false,
      "transformer__log transform__accept_sparse": false,
      "transformer__log transform__check_inverse": true,
      "transformer__log transform__feature_names_out": null,
      "transformer__log transform__inv_kw_args": null,
      "transformer__log transform__kw_args": null,
      "transformer__log transform__validate": false,
      "transformer__y scaler__copy": true,
      "transformer__y scaler__with_mean": true,
      "transformer__y scaler__with_std": true
    },
    "generalizability_scores": {
      "train_sizes": [
        33,
        132,
        230,
        330
      ],
      "train_sizes_fraction": [
        0.07990314769975787,
        0.3196125907990315,
        0.5569007263922519,
        0.7990314769975787
      ],
      "train_scores": [
        [
          0.4055167026829136,
          0.4333157499986139,
          0.885460427396558,
          0.9246474122125139,
          0.4347145743094547
        ],
        [
          0.7058412952267727,
          0.4206826676248868,
          0.7233544105924297,
          0.6163673004193375,
          0.3840647700668348
        ],
        [
          0.6694902910762701,
          0.4158869252852949,
          0.6123753398738955,
          0.5218881574882472,
          0.36284096528115795
        ],
        [
          0.6226993062143068,
          0.46379728833539424,
          0.5289459767203386,
          0.5336297391429972,
          0.36832475533321596
        ]
      ],
      "test_scores": [
        [
          0.13604346287876268,
          0.4920090093650349,
          -3.7902344317630527,
          -0.09196180145485311,
          -0.08982288073790579
        ],
        [
          0.3878444746112455,
          0.36760929011548893,
          -0.11797163757524332,
          -0.28506248710387116,
          0.3222830977702422
        ],
        [
          0.39796995035742155,
          0.4191991746854895,
          0.09260329820522839,
          0.552575710238683,
          0.5717679783351854
        ],
        [
          0.34743147843124567,
          0.4744809130721508,
          0.0948979091677431,
          0.6192683263286176,
          0.4548677115626225
        ]
      ]
    }
  },
  "42": {
    "fit_time": [
      14.732293605804443,
      14.830382585525513,
      15.071045637130737,
      14.663223266601562,
      14.632516145706177
    ],
    "score_time": [
      0.46703004837036133,
      0.4837605953216553,
      0.5109236240386963,
      0.4698493480682373,
      0.47099757194519043
    ],
    "test_r2": [
      0.17050790299898055,
      0.0591631974608855,
      0.23893765370000353,
      0.21383048008900063,
      0.6577858389072468
    ],
    "test_rmse": [
      -1.666463642195158,
      -0.6950082740846305,
      -0.9352763504458798,
      -1.2919100645687627,
      -0.26777050705563504
    ],
    "test_mae": [
      -0.5533674298088986,
      -0.21681327732613717,
      -0.25333669430735595,
      -0.4515434572767222,
      -0.11153129030314106
    ],
    "best_params": {
      "check_inverse": true,
      "func": null,
      "inverse_func": null,
      "regressor__natural_gradient": true,
      "regressor__n_estimators": 2000,
      "regressor__learning_rate": 0.001,
      "regressor__minibatch_frac": 1.0,
      "regressor__col_sample": 1.0,
      "regressor__verbose": false,
      "transformer__memory": null,
      "transformer__verbose": false,
      "transformer__log transform__accept_sparse": false,
      "transformer__log transform__check_inverse": true,
      "transformer__log transform__feature_names_out": null,
      "transformer__log transform__inv_kw_args": null,
      "transformer__log transform__kw_args": null,
      "transformer__log transform__validate": false,
      "transformer__y scaler__copy": true,
      "transformer__y scaler__with_mean": true,
      "transformer__y scaler__with_std": true
    },
    "generalizability_scores": {
      "train_sizes": [
        33,
        132,
        230,
        330
      ],
      "train_sizes_fraction": [
        0.07990314769975787,
        0.3196125907990315,
        0.5569007263922519,
        0.7990314769975787
      ],
      "train_scores": [
        [
          0.9382936645190686,
          0.9744354790972553,
          0.9178686139922556,
          0.6845795278279185,
          0.9541390350097785
        ],
        [
          0.5687608674700616,
          0.5474872485521344,
          0.4681800445218992,
          0.49149300199613755,
          0.8850451052242838
        ],
        [
          0.5587746185826548,
          0.5468899597712349,
          0.5034346997235505,
          0.44626461829280817,
          0.7686524174986331
        ],
        [
          0.4321265024839651,
          0.499719978788027,
          0.4822423341044336,
          0.4291617775828037,
          0.5891511748145635
        ]
      ],
      "test_scores": [
        [
          -0.02854424843449066,
          -1.2018043777577572,
          0.16434226236411165,
          0.614556218968012,
          -7.477529618965688
        ],
        [
          0.44755619116576373,
          -0.1885075926376083,
          0.29446481918983547,
          0.45519463935481197,
          -3.8297816965353952
        ],
        [
          0.3912312594690698,
          -0.08811173661352178,
          0.4362679749703635,
          0.39961577774671553,
          -1.5822576908793233
        ],
        [
          0.3900047999516888,
          0.18530468789289456,
          0.44097456660364065,
          0.4365366537906945,
          0.2528504914506424
        ]
      ]
    }
  },
  "69": {
    "fit_time": [
      14.833080053329468,
      14.63158130645752,
      14.903238296508789,
      14.87605905532837,
      14.424265384674072
    ],
    "score_time": [
      0.47482848167419434,
      0.4651501178741455,
      0.5083599090576172,
      0.49399852752685547,
      0.46832966804504395
    ],
    "test_r2": [
      0.45982940284295215,
      0.26478130011116674,
      0.2895580921443006,
      0.08306225430496328,
      0.20905504567880862
    ],
    "test_rmse": [
      -0.8257658280406587,
      -1.4737359308001847,
      -0.9946404357458095,
      -0.7250552804824486,
      -0.997987157738043
    ],
    "test_mae": [
      -0.29535059499755706,
      -0.4391113748376256,
      -0.33027825469446315,
      -0.16543764781470596,
      -0.2856602378487724
    ],
    "best_params": {
      "check_inverse": true,
      "func": null,
      "inverse_func": null,
      "regressor__natural_gradient": true,
      "regressor__n_estimators": 2000,
      "regressor__learning_rate": 0.001,
      "regressor__minibatch_frac": 1.0,
      "regressor__col_sample": 1.0,
      "regressor__verbose": false,
      "transformer__memory": null,
      "transformer__verbose": false,