{
  "13": {
    "fit_time": [
      0.020450592041015625,
      0.02008795738220215,
      0.02016425132751465,
      0.018944740295410156,
      0.020222187042236328
    ],
    "score_time": [
      0.006873369216918945,
      0.007092475891113281,
      0.007560014724731445,
      0.006624698638916016,
      0.007885456085205078
    ],
    "test_r2": [
      -0.07701423289877574,
      -0.0821490750238385,
      -0.09282191810503848,
      -0.001177974944881477,
      -0.05340122796831581
    ],
    "test_rmse": [
      -1.5779168565307495,
      -1.0132336037179486,
      -1.161594179218676,
      -0.6863955182228724,
      -1.6304214621537871
    ],
    "test_mae": [
      -0.47193060292197925,
      -0.346563096149497,
      -0.37826646634169214,
      -0.24762219449706757,
      -0.48762571748859873
    ],
    "best_params": {
      "check_inverse": true,
      "func": null,
      "inverse_func": null,
      "regressor__alpha": 0.00014418902511997175,
      "regressor__copy_X": true,
      "regressor__fit_intercept": true,
      "regressor__l1_ratio": 0.0,
      "regressor__max_iter": 1000,
      "regressor__positive": false,
      "regressor__precompute": false,
      "regressor__random_state": null,
      "regressor__selection": "cyclic",
      "regressor__tol": 0.0001,
      "regressor__warm_start": false,
      "transformer__memory": null,
      "transformer__verbose": false,
      "transformer__log transform__accept_sparse": false,
      "transformer__log transform__check_inverse": true,
      "transformer__log transform__feature_names_out": null,
      "transformer__log transform__inv_kw_args": null,
      "transformer__log transform__kw_args": null,
      "transformer__log transform__validate": false,
      "transformer__y scaler__copy": true,
      "transformer__y scaler__with_mean": true,
      "transformer__y scaler__with_std": true
    },
    "generalizability_scores": {
      "train_sizes": [
        33,
        132,
        230,
        330
      ],
      "train_sizes_fraction": [
        0.07990314769975787,
        0.3196125907990315,
        0.5569007263922519,
        0.7990314769975787
      ],
      "train_scores": [
        [
          -0.1826354816104343,
          -0.10680675622486135,
          -0.13013200173569284,
          -0.09728907015065658,
          -0.49680423225320003
        ],
        [
          -0.09653953220263123,
          -0.104427520616311,
          -0.10138636453645256,
          -0.10345745221449287,
          -0.11083840749967888
        ],
        [
          -0.08903345029068421,
          -0.08658581524796327,
          -0.10127132414422069,
          -0.09067085365806338,
          -0.09444409873940018
        ],
        [
          -0.09335807987238587,
          -0.08671648667659815,
          -0.08873994112981443,
          -0.09296379763610885,
          -0.09590077812854303
        ]
      ],
      "test_scores": [
        [
          -0.09233609415988053,
          -0.11028321744487113,
          -0.09727633153465298,
          -0.11898310832466064,
          -0.09293930909464776
        ],
        [
          -0.09232005970619017,
          -0.11589395707759009,
          -0.10538245262599344,
          -0.09698758678566888,
          -0.08743650673094461
        ],
        [
          -0.09257759510910879,
          -0.11778333554991116,
          -0.10275414880429179,
          -0.10196280276228875,
          -0.08906551709430643
        ],
        [
          -0.0915717718029847,
          -0.11931431628729006,
          -0.10430311561431216,
          -0.10138289980425874,
          -0.08938025685275353
        ]
      ]
    }
  },
  "42": {
    "fit_time": [
      0.01773667335510254,
      0.021025896072387695,
      0.01686382293701172,
      0.018552541732788086,
      0.01181650161743164
    ],
    "score_time": [
      0.0067784786224365234,
      0.007250547409057617,
      0.006671905517578125,
      0.006517887115478516,
      0.0063626766204833984
    ],
    "test_r2": [
      -0.10909135859070584,
      -0.1032405872941713,
      -0.043954768939052924,
      -0.10003778323101131,
      0.017397671357936684
    ],
    "test_rmse": [
      -1.9269630072650308,
      -0.752606459810197,
      -1.0953948033838927,
      -1.5281922105591632,
      -0.4537353823971953
    ],
    "test_mae": [
      -0.6667518128948124,
      -0.26181887713644847,
      -0.30781109826550196,
      -0.5337776533630857,
      -0.16589290448311025
    ],
    "best_params": {
      "check_inverse": true,
      "func": null,
      "inverse_func": null,
      "regressor__alpha": 0.0001,
      "regressor__copy_X": true,
      "regressor__fit_intercept": true,
      "regressor__l1_ratio": 0.0,
      "regressor__max_iter": 1000,
      "regressor__positive": false,
      "regressor__precompute": false,
      "regressor__random_state": null,
      "regressor__selection": "cyclic",
      "regressor__tol": 0.0001,
      "regressor__warm_start": false,
      "transformer__memory": null,
      "transformer__verbose": false,
      "transformer__log transform__accept_sparse": false,
      "transformer__log transform__check_inverse": true,
      "transformer__log transform__feature_names_out": null,
      "transformer__log transform__inv_kw_args": null,
      "transformer__log transform__kw_args": null,
      "transformer__log transform__validate": false,
      "transformer__y scaler__copy": true,
      "transformer__y scaler__with_mean": true,
      "transformer__y scaler__with_std": true
    },
    "generalizability_scores": {
      "train_sizes": [
        33,
        132,
        230,
        330
      ],
      "train_sizes_fraction": [
        0.07990314769975787,
        0.3196125907990315,
        0.5569007263922519,
        0.7990314769975787
      ],
      "train_scores": [
        [
          -0.15210767719404217,
          -0.06771976777500988,
          -0.17270580857529394,
          -0.10626473996272257,
          -0.14577930178715848
        ],
        [
          -0.10478676887912952,
          -0.10279587209994911,
          -0.11015079441474729,
          -0.09481573584994418,
          -0.1378324172483505
        ],
        [
          -0.09677338358168464,
          -0.10192745841938655,
          -0.093285721292649,
          -0.08871727133900786,
          -0.10689619387180072
        ],
        [
          -0.08778191145095904,
          -0.09202228173399929,
          -0.09546018579034499,
          -0.08257148319079533,
          -0.10036192773445696
        ]
      ],
      "test_scores": [
        [
          -0.12676735905807535,
          -0.11976887120007351,
          -0.07208136374295382,
          -0.12266048314646127,
          -0.09860940986317024
        ],
        [
          -0.12478341548418248,
          -0.11949018659343436,
          -0.07468578418543781,
          -0.12630471869500925,
          -0.06882499332319081
        ],
        [
          -0.12600494016303965,
          -0.11800423234978963,
          -0.07249348068789296,
          -0.1281646328533128,
          -0.0821320306908242
        ],
        [
          -0.1272741447514789,
          -0.1169083038233385,
          -0.07308056721307477,
          -0.13066716803853673,
          -0.08635967694705116
        ]
      ]
    }
  },
  "69": {
    "fit_time": [
      0.01839733123779297,
      0.01848459243774414,
      0.017606258392333984,
      0.018450260162353516,
      0.029493093490600586
    ],
    "score_time": [
      0.006412982940673828,
      0.006151914596557617,
      0.006273031234741211,
      0.0062139034271240234,
      0.007103443145751953
    ],
    "test_r2": [
      -0.09998590359875648,
      -0.07811904083797305,
      -0.07546033360564963,
      -0.04276159554704129,
      -0.044193467768312455
    ],
    "test_rmse": [
      -1.1783790055187207,
      -1.7846158996624806,
      -1.2237678045577258,
      -0.773203316816229,
      -1.14668018762674
    ],