{
  "13": {
    "fit_time": [
      0.018151044845581055,
      0.01805734634399414,
      0.01554250717163086,
      0.015095949172973633,
      0.014546632766723633
    ],
    "score_time": [
      0.008451223373413086,
      0.00814962387084961,
      0.00829768180847168,
      0.008147954940795898,
      0.009733438491821289
    ],
    "test_r2": [
      -0.06802284488738031,
      -0.10153275681277796,
      -0.034945960993001846,
      0.05637489870179091,
      -0.08068652484891214
    ],
    "test_rmse": [
      -1.571316480354018,
      -1.0222679536723183,
      -1.1304167021551987,
      -0.6663747585653159,
      -1.6514021342881458
    ],
    "test_mae": [
      -0.4568302876302921,
      -0.3489775419262692,
      -0.364834324491922,
      -0.24885826811605954,
      -0.4830848023049429
    ],
    "best_params": {
      "check_inverse": true,
      "func": null,
      "inverse_func": null,
      "regressor__ccp_alpha": 0.05,
      "regressor__criterion": "squared_error",
      "regressor__max_depth": null,
      "regressor__max_features": "sqrt",
      "regressor__max_leaf_nodes": null,
      "regressor__min_impurity_decrease": 0.0,
      "regressor__min_samples_leaf": 0.2281955441261408,
      "regressor__min_samples_split": 0.5274136996930948,
      "regressor__min_weight_fraction_leaf": 0.0,
      "regressor__monotonic_cst": null,
      "regressor__random_state": null,
      "regressor__splitter": "best",
      "transformer__memory": null,
      "transformer__verbose": false,
      "transformer__log transform__accept_sparse": false,
      "transformer__log transform__check_inverse": true,
      "transformer__log transform__feature_names_out": null,
      "transformer__log transform__inv_kw_args": null,
      "transformer__log transform__kw_args": null,
      "transformer__log transform__validate": false,
      "transformer__y scaler__copy": true,
      "transformer__y scaler__with_mean": true,
      "transformer__y scaler__with_std": true
    },
    "generalizability_scores": {
      "train_sizes": [
        33,
        132,
        230,
        330
      ],
      "train_sizes_fraction": [
        0.07990314769975787,
        0.3196125907990315,
        0.5569007263922519,
        0.7990314769975787
      ],
      "train_scores": [
        [
          0.9903705114530559,
          0.998178379002986,
          0.941215313387431,
          0.9967612617402903,
          0.7925236773332147
        ],
        [
          0.9489644177956266,
          0.8948641298061488,
          0.9133835489298814,
          0.9124114395839278,
          0.8950154591847947
        ],
        [
          0.9299067575202912,
          0.8170041906900936,
          0.899156935593035,
          0.8728447194899493,
          0.7071826241107454
        ],
        [
          0.868628670938221,
          0.7872699824439595,
          0.8479384830576957,
          0.7735746838572968,
          0.7086174872397436
        ]
      ],
      "test_scores": [
        [
          0.19165944250317812,
          -0.23293939880731473,
          -0.3846211670180326,
          -4.693518985129214,
          -0.047784149502518414
        ],
        [
          0.579065642301045,
          -0.061656463635496594,
          0.11202885343683755,
          0.27985785990025625,
          0.6091386598304404
        ],
        [
          0.7410979277722458,
          0.4238101122012403,
          -0.09211772694016185,
          0.6745902698330818,
          0.7814759115897186
        ],
        [
          0.44895616193278476,
          0.6626534902927224,
          0.5012240735912434,
          0.726539807441337,
          0.8307859290900171
        ]
      ]
    }
  },
  "42": {
    "fit_time": [
      0.02838897705078125,
      0.026403427124023438,
      0.01478266716003418,
      0.026527881622314453,
      0.013043642044067383
    ],
    "score_time": [
      0.01342153549194336,
      0.012077093124389648,
      0.00975656509399414,
      0.01815319061279297,
      0.00834035873413086
    ],
    "test_r2": [
      -0.05722314709880849,
      0.3016467124648453,
      0.33043547962979836,
      -0.05525962766187065,
      0.458438460800226
    ],
    "test_rmse": [
      -1.8813649472724483,
      -0.598784317275259,
      -0.8772554023033954,
      -1.4967657684473026,
      -0.33685085918320457
    ],
    "test_mae": [
      -0.6382145462865602,
      -0.24363617790406292,
      -0.2441132636340202,
      -0.5128001954095776,
      -0.12794965693464766
    ],
    "best_params": {
      "check_inverse": true,
      "func": null,
      "inverse_func": null,
      "regressor__ccp_alpha": 0.06312258667413934,
      "regressor__criterion": "squared_error",
      "regressor__max_depth": null,
      "regressor__max_features": null,
      "regressor__max_leaf_nodes": null,
      "regressor__min_impurity_decrease": 0.0,
      "regressor__min_samples_leaf": 0.07967893173026659,
      "regressor__min_samples_split": 0.10593034136202636,
      "regressor__min_weight_fraction_leaf": 0.0,
      "regressor__monotonic_cst": null,
      "regressor__random_state": null,
      "regressor__splitter": "best",
      "transformer__memory": null,
      "transformer__verbose": false,
      "transformer__log transform__accept_sparse": false,
      "transformer__log transform__check_inverse": true,
      "transformer__log transform__feature_names_out": null,
      "transformer__log transform__inv_kw_args": null,
      "transformer__log transform__kw_args": null,
      "transformer__log transform__validate": false,
      "transformer__y scaler__copy": true,
      "transformer__y scaler__with_mean": true,
      "transformer__y scaler__with_std": true
    },
    "generalizability_scores": {
      "train_sizes": [
        33,
        132,
        230,
        330
      ],
      "train_sizes_fraction": [
        0.07990314769975787,
        0.3196125907990315,
        0.5569007263922519,
        0.7990314769975787
      ],
      "train_scores": [
        [
          0.9961858011392949,
          0.9994822886594008,
          0.9896517738174677,
          0.8450496910376946,
          0.9640092842626433
        ],
        [
          0.9284906001091208,
          0.9041275017387953,
          0.8473925870823331,
          0.8913472620030427,
          0.9336865317039129
        ],
        [
          0.8305073548204782,
          0.887225701067447,
          0.7706179729063234,
          0.8766880928280443,
          0.9123676403811638
        ],
        [
          0.8308608831114789,
          0.76731235790973,
          0.7582874737386374,
          0.8204068077232517,
          0.7937154294074271
        ]
      ],
      "test_scores": [
        [
          0.5574782728755906,
          -1.0459286513578436,
          0.31929602321234785,
          0.48566252613663763,
          -0.018806083229548243
        ],
        [
          0.669588722471558,
          0.7383266755054294,
          0.7520926276013098,
          0.3577851049695878,
          -8.16422320222638
        ],
        [
          0.7216880803976371,
          0.7665455734632467,
          0.8325991580913601,
          0.38617067535762883,
          -0.09442425699419865
        ],
        [
          0.6506487154750407,
          0.7611227026883884,
          0.8577675522103759,
          0.7395787012728394,
          0.03885713685041503
        ]
      ]
    }
  },
  "69": {
    "fit_time": [
      0.017319917678833008,
      0.012582063674926758,
      0.012272834777832031,
      0.028794288635253906,
      0.013422489166259766
    ],
    "score_time": [
      0.011656761169433594,
      0.008100032806396484,
      0.007966041564941406,
      0.017842531204223633,
      0.008477449417114258
    ],
    "test_r2": [
      0.36910558543463934,
      0.2280067632279913,
      0.3240414312678721,
      0.3025306052610258,
      0.355652159125492
    ],