{
  "13": {
    "fit_time": [
      0.013209819793701172,
      0.0261228084564209,
      0.026042938232421875,
      0.025824546813964844,
      0.025853633880615234
    ],
    "score_time": [
      0.008131742477416992,
      0.017174720764160156,
      0.016977310180664062,
      0.01699209213256836,
      0.017001867294311523
    ],
    "test_r2": [
      -0.048418200357229546,
      -0.01809637972752065,
      -0.08721705446203565,
      0.022893764556870866,
      0.04269793596404858
    ],
    "test_rmse": [
      -1.5568281300120568,
      -0.9827894480821401,
      -1.1586115586238441,
      -0.6780936665709921,
      -1.5542736024127548
    ],
    "test_mae": [
      -0.4891476761597993,
      -0.3512152021593765,
      -0.40031747123228506,
      -0.26714493517046367,
      -0.4855387263970884
    ],
    "best_params": {
      "check_inverse": true,
      "func": null,
      "inverse_func": null,
      "regressor__alpha": 0.02644643679100967,
      "regressor__copy_X": true,
      "regressor__fit_intercept": true,
      "regressor__l1_ratio": 1.0,
      "regressor__max_iter": 1000,
      "regressor__positive": false,
      "regressor__precompute": false,
      "regressor__random_state": null,
      "regressor__selection": "cyclic",
      "regressor__tol": 0.0001,
      "regressor__warm_start": false,
      "transformer__memory": null,
      "transformer__verbose": false,
      "transformer__log transform__accept_sparse": false,
      "transformer__log transform__check_inverse": true,
      "transformer__log transform__feature_names_out": null,
      "transformer__log transform__inv_kw_args": null,
      "transformer__log transform__kw_args": null,
      "transformer__log transform__validate": false,
      "transformer__y scaler__copy": true,
      "transformer__y scaler__with_mean": true,
      "transformer__y scaler__with_std": true
    },
    "generalizability_scores": {
      "train_sizes": [
        33,
        132,
        230,
        330
      ],
      "train_sizes_fraction": [
        0.07990314769975787,
        0.3196125907990315,
        0.5569007263922519,
        0.7990314769975787
      ],
      "train_scores": [
        [
          -0.1826354816104343,
          -0.10596478799788955,
          -0.13013200173569284,
          -0.09500038988037551,
          -0.49680423225320003
        ],
        [
          -0.09653953220263123,
          -0.104427520616311,
          -0.10138636453645256,
          -0.10345745221449287,
          -0.11083840749967888
        ],
        [
          -0.08903345029068421,
          -0.08658581524796327,
          -0.10052657299125234,
          -0.09067085365806338,
          -0.09444409873940018
        ],
        [
          -0.09335807987238587,
          -0.08671648667659815,
          -0.08873994112981443,
          -0.09296379763610885,
          -0.09590077812854303
        ]
      ],
      "test_scores": [
        [
          -0.09233609415988053,
          -0.10928462978910702,
          -0.09727633153465298,
          -1.124293683326142,
          -0.09293930909464776
        ],
        [
          -0.09232005970619017,
          -0.11589395707759009,
          -0.10538245262599344,
          -0.09698758678566888,
          -0.08743650673094461
        ],
        [
          -0.09257759510910879,
          -0.11778333554991116,
          -0.10242179610652058,
          -0.10196280276228875,
          -0.08906551709430643
        ],
        [
          -0.0915717718029847,
          -0.11931431628729006,
          -0.10430311561431216,
          -0.10138289980425874,
          -0.08938025685275353
        ]
      ]
    }
  },
  "42": {
    "fit_time": [
      0.025788068771362305,
      0.026763916015625,
      0.026688098907470703,
      0.02415299415588379,
      0.01282501220703125
    ],
    "score_time": [
      0.016702890396118164,
      0.017276287078857422,
      0.01750326156616211,
      0.015578746795654297,
      0.008165836334228516
    ],
    "test_r2": [
      -0.04280608879803949,
      -0.09646078481303899,
      -0.016864814388844795,
      -0.0536599325698317,
      -0.4884897058322619
    ],
    "test_rmse": [
      -1.8684930886320212,
      -0.7502903799887678,
      -1.0810889915486734,
      -1.4956308453911005,
      -0.5584530538821313
    ],
    "test_mae": [
      -0.6468069453395727,
      -0.2783416484938775,
      -0.3242495129186636,
      -0.531497027902197,
      -0.24519340952858834
    ],
    "best_params": {
      "check_inverse": true,
      "func": null,
      "inverse_func": null,
      "regressor__alpha": 0.027594219245600824,
      "regressor__copy_X": true,
      "regressor__fit_intercept": true,
      "regressor__l1_ratio": 0.9766009435710016,
      "regressor__max_iter": 1000,
      "regressor__positive": false,
      "regressor__precompute": false,
      "regressor__random_state": null,
      "regressor__selection": "cyclic",
      "regressor__tol": 0.0001,
      "regressor__warm_start": false,
      "transformer__memory": null,
      "transformer__verbose": false,
      "transformer__log transform__accept_sparse": false,
      "transformer__log transform__check_inverse": true,
      "transformer__log transform__feature_names_out": null,
      "transformer__log transform__inv_kw_args": null,
      "transformer__log transform__kw_args": null,
      "transformer__log transform__validate": false,
      "transformer__y scaler__copy": true,
      "transformer__y scaler__with_mean": true,
      "transformer__y scaler__with_std": true
    },
    "generalizability_scores": {
      "train_sizes": [
        33,
        132,
        230,
        330
      ],
      "train_sizes_fraction": [
        0.07990314769975787,
        0.3196125907990315,
        0.5569007263922519,
        0.7990314769975787
      ],
      "train_scores": [
        [
          -0.1507777493906195,
          -0.06771976777500988,
          -0.16057127737164634,
          -0.10626473996272257,
          -0.13941970869005282
        ],
        [
          -0.10478676887912952,
          -0.10279587209994911,
          -0.11015079441474729,
          -0.09481573584994418,
          -0.13739986503753343
        ],
        [
          -0.09677338358168464,
          -0.10192745841938655,
          -0.093285721292649,
          -0.08871727133900786,
          -0.10689619387180072
        ],
        [
          -0.08778191145095904,
          -0.09202228173399929,
          -0.09546018579034499,
          -0.08257148319079533,
          -0.10036192773445696
        ]
      ],
      "test_scores": [
        [
          -0.1257165612671347,
          -0.11976887120007351,
          -0.0692314424564684,
          -0.12266048314646127,
          -0.09331371074471795
        ],
        [
          -0.12478341548418248,
          -0.11949018659343436,
          -0.07468578418543781,
          -0.12630471869500925,
          -0.0683619173780059
        ],
        [
          -0.12600494016303965,
          -0.11800423234978963,
          -0.07249348068789296,
          -0.1281646328533128,
          -0.0821320306908242
        ],
        [
          -0.1272741447514789,
          -0.1169083038233385,
          -0.07308056721307477,
          -0.13066716803853673,
          -0.08635967694705116
        ]
      ]
    }
  },
  "69": {
    "fit_time": [
      0.029237985610961914,
      0.01624011993408203,
      0.030004501342773438,
      0.015244483947753906,
      0.014679670333862305
    ],
    "score_time": [
      0.016259431838989258,
      0.009302139282226562,
      0.016367673873901367,
      0.008955955505371094,
      0.008364677429199219
    ],
    "test_r2": [
      -0.02406184393006039,
      -0.04908839012817956,
      -0.03004823314211924,
      -0.044519786709681375,
      -0.028127777714068047
    ],
    "test_rmse": [
      -1.1369844600117724,
      -1.7604246466736952,
      -1.1976518942310517,
      -0.7738548879386697,
      -1.1378247315726935
    ],