{
  "13": {
    "fit_time": [
      0.0570223331451416,
      0.013423919677734375,
      0.025126934051513672,
      0.04677844047546387,
      0.03685951232910156
    ],
    "score_time": [
      0.016206026077270508,
      0.008194446563720703,
      0.00832676887512207,
      0.008394479751586914,
      0.008263826370239258
    ],
    "test_r2": [
      0.21131347775233889,
      0.12695829770649925,
      -0.06294335724701439,
      0.4952316235819648,
      0.29353117887094304
    ],
    "test_rmse": [
      -1.3502854999600427,
      -0.9100883036020984,
      -1.14560470809448,
      -0.4873768144394236,
      -1.3352096832191265
    ],
    "test_mae": [
      -0.37758322425431623,
      -0.3435209897935895,
      -0.3658605278963807,
      -0.18991864903291328,
      -0.41910116111076423
    ],
    "best_params": {
      "check_inverse": true,
      "func": null,
      "inverse_func": null,
      "regressor__ccp_alpha": 0.05,
      "regressor__criterion": "squared_error",
      "regressor__max_depth": null,
      "regressor__max_features": null,
      "regressor__max_leaf_nodes": null,
      "regressor__min_impurity_decrease": 0.0,
      "regressor__min_samples_leaf": 0.05,
      "regressor__min_samples_split": 0.99,
      "regressor__min_weight_fraction_leaf": 0.0,
      "regressor__monotonic_cst": null,
      "regressor__random_state": null,
      "regressor__splitter": "best",
      "transformer__memory": null,
      "transformer__verbose": false,
      "transformer__log transform__accept_sparse": false,
      "transformer__log transform__check_inverse": true,
      "transformer__log transform__feature_names_out": null,
      "transformer__log transform__inv_kw_args": null,
      "transformer__log transform__kw_args": null,
      "transformer__log transform__validate": false,
      "transformer__y scaler__copy": true,
      "transformer__y scaler__with_mean": true,
      "transformer__y scaler__with_std": true
    },
    "generalizability_scores": {
      "train_sizes": [
        33,
        132,
        230,
        330
      ],
      "train_sizes_fraction": [
        0.07990314769975787,
        0.3196125907990315,
        0.5569007263922519,
        0.7990314769975787
      ],
      "train_scores": [
        [
          0.40638394627492247,
          0.5128666955838956,
          0.8867093354160971,
          0.993603571661639,
          0.4866999184525902
        ],
        [
          0.8786737140076609,
          0.4734522941060264,
          0.8172199212180364,
          0.7093780428411032,
          0.532118271733574
        ],
        [
          0.800361954173949,
          0.4945935520781102,
          0.6872995418613399,
          0.6402443099142546,
          0.43731927899524037
        ],
        [
          0.7688984425371088,
          0.5727659882131705,
          0.6330206737591841,
          0.6492843433984615,
          0.4908929260195741
        ]
      ],
      "test_scores": [
        [
          0.2369713825362263,
          0.6224133733889252,
          -1.320542172526821,
          -0.05409407883892192,
          -0.08969973362172468
        ],
        [
          0.29550936140911277,
          0.4553115880521751,
          -0.2331952693242465,
          -2.4407890671957424,
          0.6073746508515712
        ],
        [
          0.38242026343031044,
          0.5642833484830483,
          0.11932889574363192,
          -0.08440359522036744,
          0.7782864838248991
        ],
        [
          0.38207828315948267,
          0.6535169896720742,
          0.17467748287420148,
          0.08320466203609267,
          0.6988571297248045
        ]
      ]
    }
  },
  "42": {
    "fit_time": [
      0.01250910758972168,
      0.025310993194580078,
      0.024441957473754883,
      0.031005859375,
      0.0243222713470459
    ],
    "score_time": [
      0.008186817169189453,
      0.016692399978637695,
      0.008134603500366211,
      0.008305549621582031,
      0.020369529724121094
    ],
    "test_r2": [
      0.16924695930736688,
      -0.015083788776663942,
      0.12314335443891788,
      0.17411261918227805,
      0.3364626336205756
    ],
    "test_rmse": [
      -1.6677297897915315,
      -0.7219111876873122,
      -1.0039085058137045,
      -1.3241421058855984,
      -0.37286055769318466
    ],
    "test_mae": [
      -0.5551556392567149,
      -0.23949335325746035,
      -0.3039350514313449,
      -0.46440033090253585,
      -0.154754003216343
    ],
    "best_params": {
      "check_inverse": true,
      "func": null,
      "inverse_func": null,
      "regressor__ccp_alpha": 0.05,
      "regressor__criterion": "squared_error",
      "regressor__max_depth": null,
      "regressor__max_features": null,
      "regressor__max_leaf_nodes": null,
      "regressor__min_impurity_decrease": 0.0,
      "regressor__min_samples_leaf": 0.05,
      "regressor__min_samples_split": 0.99,
      "regressor__min_weight_fraction_leaf": 0.0,
      "regressor__monotonic_cst": null,
      "regressor__random_state": null,
      "regressor__splitter": "best",
      "transformer__memory": null,
      "transformer__verbose": false,
      "transformer__log transform__accept_sparse": false,
      "transformer__log transform__check_inverse": true,
      "transformer__log transform__feature_names_out": null,
      "transformer__log transform__inv_kw_args": null,
      "transformer__log transform__kw_args": null,
      "transformer__log transform__validate": false,
      "transformer__y scaler__copy": true,
      "transformer__y scaler__with_mean": true,
      "transformer__y scaler__with_std": true
    },
    "generalizability_scores": {
      "train_sizes": [
        33,
        132,
        230,
        330
      ],
      "train_sizes_fraction": [
        0.07990314769975787,
        0.3196125907990315,
        0.5569007263922519,
        0.7990314769975787
      ],
      "train_scores": [
        [
          0.9860080246760144,
          0.9967214340894885,
          0.9228710348792265,
          0.6850336726350156,
          0.9541672469171764
        ],
        [
          0.686097902963702,
          0.5952586326583719,
          0.5687589876298887,
          0.5893326697189842,
          0.923826355194262
        ],
        [
          0.7155648078388279,
          0.6707236323565586,
          0.5926259603241566,
          0.5608815312742021,
          0.7991483116023049
        ],
        [
          0.5654867006113822,
          0.6090243134663053,
          0.610314330827145,
          0.5459513176222979,
          0.7166940775047987
        ]
      ],
      "test_scores": [
        [
          0.013426170277678229,
          -1.7641487706920604,
          0.3013729444951473,
          0.6253958034369058,
          -9.356521580851409
        ],
        [
          0.5778337100396265,
          -0.3269697794304469,
          0.40489773483283564,
          0.5691017701094905,
          -7.469195111422241
        ],
        [
          0.5735963486012192,
          -0.27706466890090753,
          0.5673486665323499,
          0.5750454032409018,
          -2.8564583980680136
        ],
        [
          0.5472806601319035,
          0.3545437923096164,
          0.6180952152073396,
          0.6120136419546636,
          -1.1622622733027232
        ]
      ]
    }
  },
  "69": {
    "fit_time": [
      0.04255509376525879,
      0.08269405364990234,
      0.07724499702453613,
      0.07181549072265625,
      0.012601852416992188
    ],
    "score_time": [
      0.008371591567993164,
      0.018405437469482422,
      0.0174713134765625,
      0.008602619171142578,
      0.008291244506835938
    ],
    "test_r2": [
      -0.1187986472190461,
      -0.10002161055399039,
      -0.11508976845679841,
      -0.05018620805020846,
      0.16405288843636112
    ],
    "test_rmse": [
      -1.1884130243521192,
      -1.8026524717772197,
      -1.2461110306554422,
      -0.775951093748929,
      -1.0259855012056638
    ],