{
  "13": {
    "fit_time": [
      0.017870426177978516,
      0.019270658493041992,
      0.017068862915039062,
      0.016621112823486328,
      0.015426158905029297
    ],
    "score_time": [
      0.006165504455566406,
      0.0070497989654541016,
      0.0062220096588134766,
      0.0062999725341796875,
      0.007745504379272461
    ],
    "test_r2": [
      -0.04585292913240502,
      -0.05684133055789742,
      -0.05345109643671986,
      0.01643656668066973,
      -0.02456850506166175
    ],
    "test_rmse": [
      -1.554922338823341,
      -1.0013154862164038,
      -1.1404780166708655,
      -0.680330565011305,
      -1.6079534589277757
    ],
    "test_mae": [
      -0.45556741948580043,
      -0.33852422852076375,
      -0.3677646488295909,
      -0.239012693866821,
      -0.48164979463408214
    ],
    "best_params": {
      "check_inverse": true,
      "func": null,
      "inverse_func": null,
      "regressor__alpha": 0.0001,
      "regressor__copy_X": true,
      "regressor__fit_intercept": true,
      "regressor__l1_ratio": 0.0,
      "regressor__max_iter": 1000,
      "regressor__positive": false,
      "regressor__precompute": false,
      "regressor__random_state": null,
      "regressor__selection": "cyclic",
      "regressor__tol": 0.0001,
      "regressor__warm_start": false,
      "transformer__memory": null,
      "transformer__verbose": false,
      "transformer__log transform__accept_sparse": false,
      "transformer__log transform__check_inverse": true,
      "transformer__log transform__feature_names_out": null,
      "transformer__log transform__inv_kw_args": null,
      "transformer__log transform__kw_args": null,
      "transformer__log transform__validate": false,
      "transformer__y scaler__copy": true,
      "transformer__y scaler__with_mean": true,
      "transformer__y scaler__with_std": true
    },
    "generalizability_scores": {
      "train_sizes": [
        33,
        132,
        230,
        330
      ],
      "train_sizes_fraction": [
        0.07990314769975787,
        0.3196125907990315,
        0.5569007263922519,
        0.7990314769975787
      ],
      "train_scores": [
        [
          -0.1826354816104343,
          -0.10680675622486135,
          -0.12928092498146992,
          -0.09728907015065658,
          -0.49680423225320003
        ],
        [
          -0.09653953220263123,
          -0.104427520616311,
          -0.10138636453645256,
          -0.10345745221449287,
          -0.11083840749967888
        ],
        [
          -0.08903345029068421,
          -0.08658581524796327,
          -0.10127132414422069,
          -0.09067085365806338,
          -0.09444409873940018
        ],
        [
          -0.09335807987238587,
          -0.08671648667659815,
          -0.08873994112981443,
          -0.09296379763610885,
          -0.09590077812854303
        ]
      ],
      "test_scores": [
        [
          -0.09233609415988053,
          -0.11028321744487113,
          -0.09643117161663839,
          -0.11898310832466064,
          -0.09293930909464776
        ],
        [
          -0.09232005970619017,
          -0.11589395707759009,
          -0.10538245262599344,
          -0.09698758678566888,
          -0.08743650673094461
        ],
        [
          -0.09257759510910879,
          -0.11778333554991116,
          -0.10275414880429179,
          -0.10196280276228875,
          -0.08906551709430643
        ],
        [
          -0.0915717718029847,
          -0.11931431628729006,
          -0.10430311561431216,
          -0.10138289980425874,
          -0.08938025685275353
        ]
      ]
    }
  },
  "42": {
    "fit_time": [
      0.0107269287109375,
      0.01559138298034668,
      0.012962579727172852,
      0.01698446273803711,
      0.01378941535949707
    ],
    "score_time": [
      0.005857706069946289,
      0.006406307220458984,
      0.0069043636322021484,
      0.006534576416015625,
      0.011171340942382812
    ],
    "test_r2": [
      -0.07856376403239484,
      -0.041904372823849956,
      -0.023900842105958997,
      -0.07478359771775067,
      0.05689403073401045
    ],
    "test_rmse": [
      -1.9002582615499126,
      -0.7313861914916132,
      -1.084822752037006,
      -1.5105485752428673,
      -0.44452275705710365
    ],
    "test_mae": [
      -0.6594455400758696,
      -0.24388922341163563,
      -0.2916357413458789,
      -0.5274684111881903,
      -0.1612076752757394
    ],
    "best_params": {
      "check_inverse": true,
      "func": null,
      "inverse_func": null,
      "regressor__alpha": 0.00014542767719012085,
      "regressor__copy_X": true,
      "regressor__fit_intercept": true,
      "regressor__l1_ratio": 0.008581484222580872,
      "regressor__max_iter": 1000,
      "regressor__positive": false,
      "regressor__precompute": false,
      "regressor__random_state": null,
      "regressor__selection": "cyclic",
      "regressor__tol": 0.0001,
      "regressor__warm_start": false,
      "transformer__memory": null,
      "transformer__verbose": false,
      "transformer__log transform__accept_sparse": false,
      "transformer__log transform__check_inverse": true,
      "transformer__log transform__feature_names_out": null,
      "transformer__log transform__inv_kw_args": null,
      "transformer__log transform__kw_args": null,
      "transformer__log transform__validate": false,
      "transformer__y scaler__copy": true,
      "transformer__y scaler__with_mean": true,
      "transformer__y scaler__with_std": true
    },
    "generalizability_scores": {
      "train_sizes": [
        33,
        132,
        230,
        330
      ],
      "train_sizes_fraction": [
        0.07990314769975787,
        0.3196125907990315,
        0.5569007263922519,
        0.7990314769975787
      ],
      "train_scores": [
        [
          -0.15060511365300844,
          -0.06525182059293622,
          -0.17270580857529394,
          -0.10626473996272257,
          -0.1439999099782454
        ],
        [
          -0.10478676887912952,
          -0.10260618462934046,
          -0.11015079441474729,
          -0.09481573584994418,
          -0.1378324172483505
        ],
        [
          -0.09677338358168464,
          -0.10192745841938655,
          -0.093285721292649,
          -0.08871727133900786,
          -0.10689619387180072
        ],
        [
          -0.08778191145095904,
          -0.09202228173399929,
          -0.09546018579034499,
          -0.08257148319079533,
          -0.10036192773445696
        ]
      ],
      "test_scores": [
        [
          -0.12602514331971015,
          -0.11546097512728148,
          -0.07208136374295382,
          -0.12266048314646127,
          -0.09483398880134186
        ],
        [
          -0.12478341548418248,
          -0.11921376066845868,
          -0.07468578418543781,
          -0.12630471869500925,
          -0.06882499332319081
        ],
        [
          -0.12600494016303965,
          -0.11800423234978963,
          -0.07249348068789296,
          -0.1281646328533128,
          -0.0821320306908242
        ],
        [
          -0.1272741447514789,
          -0.1169083038233385,
          -0.07308056721307477,
          -0.13066716803853673,
          -0.08635967694705116
        ]
      ]
    }
  },
  "69": {
    "fit_time": [
      0.01863694190979004,
      0.017849445343017578,
      0.01688551902770996,
      0.016566991806030273,
      0.023772001266479492
    ],
    "score_time": [
      0.014156579971313477,
      0.006351470947265625,
      0.006356954574584961,
      0.0061719417572021484,
      0.008503198623657227
    ],
    "test_r2": [
      -0.04944027839570442,
      -0.05337711357489616,
      -0.054531602497880804,
      -0.012349396140678204,
      -0.022383632647948293
    ],
    "test_rmse": [
      -1.1509866884084883,
      -1.7640193266344737,
      -1.211801887531956,
      -0.7618446261045585,
      -1.134641768830045
    ],