{
  "13": {
    "fit_time": [
      14.094161033630371,
      13.887676239013672,
      14.233176231384277,
      14.759814262390137,
      14.667644500732422
    ],
    "score_time": [
      0.4395263195037842,
      0.43966245651245117,
      0.4448070526123047,
      0.432985782623291,
      0.44014620780944824
    ],
    "test_r2": [
      -0.011392104486105392,
      0.02301878452677686,
      0.03313364628991333,
      0.02244891410495531,
      -0.026373116551557496
    ],
    "test_rmse": [
      -1.529090442716579,
      -0.9627402856772841,
      -1.0926044182192383,
      -0.6782480080016132,
      -1.6093689107323463
    ],
    "test_mae": [
      -0.4538275884198784,
      -0.3120833643433842,
      -0.34981183024274143,
      -0.2268372942822668,
      -0.4642787859867557
    ],
    "best_params": {
      "check_inverse": true,
      "func": null,
      "inverse_func": null,
      "regressor__natural_gradient": true,
      "regressor__n_estimators": 2000,
      "regressor__learning_rate": 0.001,
      "regressor__minibatch_frac": 1.0,
      "regressor__col_sample": 1.0,
      "regressor__verbose": false,
      "transformer__memory": null,
      "transformer__verbose": false,
      "transformer__log transform__accept_sparse": false,
      "transformer__log transform__check_inverse": true,
      "transformer__log transform__feature_names_out": null,
      "transformer__log transform__inv_kw_args": null,
      "transformer__log transform__kw_args": null,
      "transformer__log transform__validate": false,
      "transformer__y scaler__copy": true,
      "transformer__y scaler__with_mean": true,
      "transformer__y scaler__with_std": true
    },
    "generalizability_scores": {
      "train_sizes": [
        33,
        132,
        230,
        330
      ],
      "train_sizes_fraction": [
        0.07990314769975787,
        0.3196125907990315,
        0.5569007263922519,
        0.7990314769975787
      ],
      "train_scores": [
        [
          -0.0087482644697503,
          -0.0266843970207018,
          0.1844487012788566,
          0.5997368344622076,
          0.0731208568117151
        ],
        [
          0.017101967292054265,
          0.005591583449383042,
          0.04943716397916853,
          0.13292750075796333,
          0.08980176999786582
        ],
        [
          0.00647255282856285,
          0.014821202059180028,
          0.010278193004548908,
          0.04402816464053838,
          0.04291171235771263
        ],
        [
          0.03882776190715598,
          0.015348016779591744,
          0.008766552400187089,
          0.025157293304958306,
          0.04532391728672547
        ]
      ],
      "test_scores": [
        [
          -0.05703614586423433,
          0.008078495853519274,
          0.14714800829011399,
          -0.09365477046889192,
          -0.05395828519141044
        ],
        [
          -0.02258565208158836,
          0.009524300895182636,
          0.057924796111886834,
          -0.005542478695624187,
          -0.022450613343340864
        ],
        [
          -0.010395676741631332,
          0.02844628521332948,
          0.059784641086112256,
          0.014151238022273027,
          -0.02044342278757827
        ],
        [
          -0.0016943471110022479,
          0.041028692275826395,
          0.0483834316694749,
          0.027778549403582264,
          -0.02129140939672869
        ]
      ]
    }
  },
  "42": {
    "fit_time": [
      14.39774203300476,
      14.208337545394897,
      14.214411735534668,
      14.103020668029785,
      14.453377723693848
    ],
    "score_time": [
      0.4469137191772461,
      0.4351320266723633,
      0.44913315773010254,
      0.4406626224517822,
      0.46444177627563477
    ],
    "test_r2": [
      -0.05590799182106165,
      0.0553959583221999,
      0.04679365393965018,
      -0.03518119154580557,
      0.04172205631287329
    ],
    "test_rmse": [
      -1.8801944011057863,
      -0.6963983380303419,
      -1.0467025869180386,
      -1.4824578935010104,
      -0.4480840639928024
    ],
    "test_mae": [
      -0.6444120792823154,
      -0.22389495127395354,
      -0.27285704668420824,
      -0.5087738643963209,
      -0.15919063324371174
    ],
    "best_params": {
      "check_inverse": true,
      "func": null,
      "inverse_func": null,
      "regressor__natural_gradient": true,
      "regressor__n_estimators": 2000,
      "regressor__learning_rate": 0.001,
      "regressor__minibatch_frac": 1.0,
      "regressor__col_sample": 1.0,
      "regressor__verbose": false,
      "transformer__memory": null,
      "transformer__verbose": false,
      "transformer__log transform__accept_sparse": false,
      "transformer__log transform__check_inverse": true,
      "transformer__log transform__feature_names_out": null,
      "transformer__log transform__inv_kw_args": null,
      "transformer__log transform__kw_args": null,
      "transformer__log transform__validate": false,
      "transformer__y scaler__copy": true,
      "transformer__y scaler__with_mean": true,
      "transformer__y scaler__with_std": true
    },
    "generalizability_scores": {
      "train_sizes": [
        33,
        132,
        230,
        330
      ],
      "train_sizes_fraction": [
        0.07990314769975787,
        0.3196125907990315,
        0.5569007263922519,
        0.7990314769975787
      ],
      "train_scores": [
        [
          0.7159621088192435,
          0.001542113262804734,
          0.09338665960324921,
          0.04776092050858616,
          0.0763675743056973
        ],
        [
          0.09783497554382459,
          0.01621542698172318,
          0.00284726917928535,
          0.03093267322536497,
          0.05414579638785799
        ],
        [
          0.10683405395181267,
          0.019780603715242928,
          0.005099863624123513,
          0.026345979264535746,
          0.09072973846773535
        ],
        [
          0.05475250034342527,
          0.01653633596330495,
          0.011595828634930472,
          0.012059598875098554,
          0.04461933112798144
        ]
      ],
      "test_scores": [
        [
          -0.048262041246590615,
          0.02844267519156707,
          0.10763320837885293,
          0.03478516172114665,
          0.018663354897127782
        ],
        [
          -0.0030313914655044627,
          0.07230135683342276,
          0.045116246228049994,
          0.012960414826296063,
          -0.2323977228622338
        ],
        [
          -0.03136004209286303,
          0.08733947498815209,
          0.06817666300159042,
          0.0033602563907685346,
          -0.3509998678150261
        ],
        [
          -0.04945067477206666,
          0.07406795020334234,
          0.058198656375006985,
          -0.022178131975754578,
          0.01951533716394971
        ]
      ]
    }
  },
  "69": {
    "fit_time": [
      13.173794507980347,
      12.751264333724976,
      12.69020128250122,
      13.089047193527222,
      12.714313745498657
    ],
    "score_time": [
      0.3967616558074951,
      0.40355968475341797,
      0.3919107913970947,
      0.39737653732299805,
      0.3971102237701416
    ],
    "test_r2": [
      -0.01714593387864416,
      -0.035906585830441484,
      0.00914267665012436,
      0.09432547879631104,
      0.035481665661469375
    ],
    "test_rmse": [
      -1.1331386945853297,
      -1.749329809701032,
      -1.1746470348689744,
      -0.7205884048023614,
      -1.1020646358508832
    ],
    "test_mae": [
      -0.39403181601653187,
      -0.542580631136726,
      -0.39208554887101726,
      -0.16536038932858282,
      -0.3075826018001378
    ],
    "best_params": {
      "check_inverse": true,
      "func": null,
      "inverse_func": null,
      "regressor__natural_gradient": true,
      "regressor__n_estimators": 2000,
      "regressor__learning_rate": 0.001,
      "regressor__minibatch_frac": 1.0,
      "regressor__col_sample": 1.0,