{
  "13": {
    "fit_time": [
      0.0178678035736084,
      0.011648416519165039,
      0.018523216247558594,
      0.018793106079101562,
      0.011977910995483398
    ],
    "score_time": [
      0.006036520004272461,
      0.006254434585571289,
      0.006053447723388672,
      0.006411314010620117,
      0.006228923797607422
    ],
    "test_r2": [
      -0.05201627303627343,
      -0.04911735758217084,
      -0.039320236018847377,
      0.007127385890454585,
      -0.046166132641057844
    ],
    "test_rmse": [
      -1.5594972857760978,
      -0.9976496961277609,
      -1.132803077824465,
      -0.6835425616621149,
      -1.6248126877585303
    ],
    "test_mae": [
      -0.4492213951270743,
      -0.32962991282122006,
      -0.3655798414392802,
      -0.22949143672624006,
      -0.4717132811090175
    ],
    "best_params": {
      "check_inverse": true,
      "func": null,
      "inverse_func": null,
      "regressor__alpha": 0.0001,
      "regressor__copy_X": true,
      "regressor__fit_intercept": true,
      "regressor__l1_ratio": 0.0,
      "regressor__max_iter": 1000,
      "regressor__positive": false,
      "regressor__precompute": false,
      "regressor__random_state": null,
      "regressor__selection": "cyclic",
      "regressor__tol": 0.0001,
      "regressor__warm_start": false,
      "transformer__memory": null,
      "transformer__verbose": false,
      "transformer__log transform__accept_sparse": false,
      "transformer__log transform__check_inverse": true,
      "transformer__log transform__feature_names_out": null,
      "transformer__log transform__inv_kw_args": null,
      "transformer__log transform__kw_args": null,
      "transformer__log transform__validate": false,
      "transformer__y scaler__copy": true,
      "transformer__y scaler__with_mean": true,
      "transformer__y scaler__with_std": true
    },
    "generalizability_scores": {
      "train_sizes": [
        33,
        132,
        230,
        330
      ],
      "train_sizes_fraction": [
        0.07990314769975787,
        0.3196125907990315,
        0.5569007263922519,
        0.7990314769975787
      ],
      "train_scores": [
        [
          -0.1826354816104343,
          -0.10680675622486135,
          -0.12922745205897312,
          -0.09728907015065658,
          -0.49680423225320003
        ],
        [
          -0.09653953220263123,
          -0.104427520616311,
          -0.10138636453645256,
          -0.10345745221449287,
          -0.11083840749967888
        ],
        [
          -0.08903345029068421,
          -0.08658581524796327,
          -0.10127132414422069,
          -0.09067085365806338,
          -0.09444409873940018
        ],
        [
          -0.09335807987238587,
          -0.08671648667659815,
          -0.08873994112981443,
          -0.09296379763610885,
          -0.09590077812854303
        ]
      ],
      "test_scores": [
        [
          -0.09233609415988053,
          -0.11028321744487113,
          -0.09637682999067998,
          -0.11898310832466064,
          -0.09293930909464776
        ],
        [
          -0.09232005970619017,
          -0.11589395707759009,
          -0.10538245262599344,
          -0.09698758678566888,
          -0.08743650673094461
        ],
        [
          -0.09257759510910879,
          -0.11778333554991116,
          -0.10275414880429179,
          -0.10196280276228875,
          -0.08906551709430643
        ],
        [
          -0.0915717718029847,
          -0.11931431628729006,
          -0.10430311561431216,
          -0.10138289980425874,
          -0.08938025685275353
        ]
      ]
    }
  },
  "42": {
    "fit_time": [
      0.011347055435180664,
      0.01148843765258789,
      0.011289358139038086,
      0.011285543441772461,
      0.01132059097290039
    ],
    "score_time": [
      0.006020069122314453,
      0.0058825016021728516,
      0.006451845169067383,
      0.0058994293212890625,
      0.0064661502838134766
    ],
    "test_r2": [
      -0.08669418032304899,
      -0.0317056204472681,
      -0.018319059292546624,
      -0.07960935070491071,
      -0.005133954630816673
    ],
    "test_rmse": [
      -1.9074070664803455,
      -0.7277977765990628,
      -1.0818617621451536,
      -1.513935940929126,
      -0.45890810133259363
    ],
    "test_mae": [
      -0.6540697319889057,
      -0.234301529814248,
      -0.2823751395184551,
      -0.5210844912891425,
      -0.16485056762943662
    ],
    "best_params": {
      "check_inverse": true,
      "func": null,
      "inverse_func": null,
      "regressor__alpha": 0.00014466627713123831,
      "regressor__copy_X": true,
      "regressor__fit_intercept": true,
      "regressor__l1_ratio": 0.0,
      "regressor__max_iter": 1000,
      "regressor__positive": false,
      "regressor__precompute": false,
      "regressor__random_state": null,
      "regressor__selection": "cyclic",
      "regressor__tol": 0.0001,
      "regressor__warm_start": false,
      "transformer__memory": null,
      "transformer__verbose": false,
      "transformer__log transform__accept_sparse": false,
      "transformer__log transform__check_inverse": true,
      "transformer__log transform__feature_names_out": null,
      "transformer__log transform__inv_kw_args": null,
      "transformer__log transform__kw_args": null,
      "transformer__log transform__validate": false,
      "transformer__y scaler__copy": true,
      "transformer__y scaler__with_mean": true,
      "transformer__y scaler__with_std": true
    },
    "generalizability_scores": {
      "train_sizes": [
        33,
        132,
        230,
        330
      ],
      "train_sizes_fraction": [
        0.07990314769975787,
        0.3196125907990315,
        0.5569007263922519,
        0.7990314769975787
      ],
      "train_scores": [
        [
          -0.15071774304071317,
          -0.06530319338446744,
          -0.17270580857529394,
          -0.10626473996272257,
          -0.144119261071894
        ],
        [
          -0.10478676887912952,
          -0.10278070335288847,
          -0.11015079441474729,
          -0.09481573584994418,
          -0.1378324172483505
        ],
        [
          -0.09677338358168464,
          -0.10192745841938655,
          -0.093285721292649,
          -0.08871727133900786,
          -0.10689619387180072
        ],
        [
          -0.08778191145095904,
          -0.09202228173399929,
          -0.09546018579034499,
          -0.08257148319079533,
          -0.10036192773445696
        ]
      ],
      "test_scores": [
        [
          -0.12608147372929412,
          -0.1155665787756055,
          -0.07208136374295382,
          -0.12266048314646127,
          -0.09510265562480424
        ],
        [
          -0.12478341548418248,
          -0.11946824578370574,
          -0.07468578418543781,
          -0.12630471869500925,
          -0.06882499332319081
        ],
        [
          -0.12600494016303965,
          -0.11800423234978963,
          -0.07249348068789296,
          -0.1281646328533128,
          -0.0821320306908242
        ],
        [
          -0.1272741447514789,
          -0.1169083038233385,
          -0.07308056721307477,
          -0.13066716803853673,
          -0.08635967694705116
        ]
      ]
    }
  },
  "69": {
    "fit_time": [
      0.011087179183959961,
      0.01823735237121582,
      0.011481761932373047,
      0.018465757369995117,
      0.011449098587036133
    ],
    "score_time": [
      0.006374835968017578,
      0.005857229232788086,
      0.0059168338775634766,
      0.006094217300415039,
      0.005867481231689453
    ],
    "test_r2": [
      -0.05986357122304975,
      -0.06512600635247479,
      -0.057231781352572675,
      0.008557871194621702,
      -0.023230819687399817
    ],
    "test_rmse": [
      -1.1566885035178431,
      -1.7738295852900254,
      -1.2133523341575934,
      -0.7539366907296312,
      -1.1351117757431193
    ],