{
  "13": {
    "fit_time": [
      22.662940740585327,
      24.281449556350708,
      23.342955589294434,
      22.26796865463257,
      20.451767206192017
    ],
    "score_time": [
      0.6720514297485352,
      0.7111232280731201,
      0.766005277633667,
      0.7580130100250244,
      1.279289960861206
    ],
    "test_r2": [
      -0.006011065876702304,
      0.030924782725435196,
      0.039264812262312376,
      0.018105748482984407,
      -0.027019493862762367
    ],
    "test_rmse": [
      -1.5250173101846822,
      -0.9588369946560604,
      -1.0891346559479655,
      -0.6797530335744174,
      -1.6098755957786506
    ],
    "test_mae": [
      -0.453772007582362,
      -0.3118421721533015,
      -0.34861164880067,
      -0.22519549609104256,
      -0.46508271745358115
    ],
    "best_params": {
      "check_inverse": true,
      "func": null,
      "inverse_func": null,
      "regressor__natural_gradient": true,
      "regressor__n_estimators": 2000,
      "regressor__learning_rate": 0.001,
      "regressor__minibatch_frac": 1.0,
      "regressor__col_sample": 1.0,
      "regressor__verbose": false,
      "transformer__memory": null,
      "transformer__verbose": false,
      "transformer__log transform__accept_sparse": false,
      "transformer__log transform__check_inverse": true,
      "transformer__log transform__feature_names_out": null,
      "transformer__log transform__inv_kw_args": null,
      "transformer__log transform__kw_args": null,
      "transformer__log transform__validate": false,
      "transformer__y scaler__copy": true,
      "transformer__y scaler__with_mean": true,
      "transformer__y scaler__with_std": true
    },
    "generalizability_scores": {
      "train_sizes": [
        33,
        132,
        230,
        330
      ],
      "train_sizes_fraction": [
        0.07990314769975787,
        0.3196125907990315,
        0.5569007263922519,
        0.7990314769975787
      ],
      "train_scores": [
        [
          -0.008716552942458211,
          -0.026684397023081008,
          0.18454408170145742,
          0.5998198594332556,
          0.07312085680980451
        ],
        [
          0.016885148164119124,
          0.00577806082240262,
          0.049403656221054026,
          0.13287745428422493,
          0.08978626289553904
        ],
        [
          0.006688308724793424,
          0.01501918223485299,
          0.010341698598887783,
          0.04319447227781803,
          0.04281276996508998
        ],
        [
          0.03923972056985614,
          0.015515618885804772,
          0.00891257105244636,
          0.02483073271227121,
          0.044573681346693816
        ]
      ],
      "test_scores": [
        [
          -0.05696118886234758,
          0.008807370028755868,
          0.14401975990981108,
          -0.09763646256306124,
          -0.053701262301049546
        ],
        [
          -0.022678128090001026,
          0.009568311768756055,
          0.05777058940789659,
          -0.005670745784890352,
          -0.022451971085526212
        ],
        [
          -0.010284207931093414,
          0.028853826721164433,
          0.05999620173599296,
          0.014858534232449316,
          -0.020441965746187174
        ],
        [
          -0.001481390546070882,
          0.04129433756583878,
          0.04866562412856834,
          0.027676371172458913,
          -0.021372292494307388
        ]
      ]
    }
  },
  "42": {
    "fit_time": [
      44.587846994400024,
      45.31439685821533,
      43.49549436569214,
      43.198859214782715,
      44.658665895462036
    ],
    "score_time": [
      1.4377398490905762,
      1.2152132987976074,
      1.7163171768188477,
      1.9640545845031738,
      1.4305686950683594
    ],
    "test_r2": [
      -0.05300420327253108,
      0.06489385473194398,
      0.05153125634014466,
      -0.03105412981054423,
      0.06113590731613616
    ],
    "test_rmse": [
      -1.8776073169223455,
      -0.6928883858836737,
      -1.0440981992793195,
      -1.479499809694147,
      -0.4435219492058239
    ],
    "test_mae": [
      -0.6438999311833361,
      -0.22379014657202764,
      -0.2730628545593119,
      -0.5077395627215481,
      -0.15551182815494002
    ],
    "best_params": {
      "check_inverse": true,
      "func": null,
      "inverse_func": null,
      "regressor__natural_gradient": true,
      "regressor__n_estimators": 2000,
      "regressor__learning_rate": 0.001,
      "regressor__minibatch_frac": 1.0,
      "regressor__col_sample": 1.0,
      "regressor__verbose": false,
      "transformer__memory": null,
      "transformer__verbose": false,
      "transformer__log transform__accept_sparse": false,
      "transformer__log transform__check_inverse": true,
      "transformer__log transform__feature_names_out": null,
      "transformer__log transform__inv_kw_args": null,
      "transformer__log transform__kw_args": null,
      "transformer__log transform__validate": false,
      "transformer__y scaler__copy": true,
      "transformer__y scaler__with_mean": true,
      "transformer__y scaler__with_std": true
    },
    "generalizability_scores": {
      "train_sizes": [
        33,
        132,
        230,
        330
      ],
      "train_sizes_fraction": [
        0.07990314769975787,
        0.3196125907990315,
        0.5569007263922519,
        0.7990314769975787
      ],
      "train_scores": [
        [
          0.7160555703558809,
          0.0015421260970918116,
          0.09336747333118867,
          0.04801457017888611,
          0.0765371520319047
        ],
        [
          0.09808557699110543,
          0.015964429116738232,
          0.002825333085979098,
          0.030932308445909995,
          0.05399298337238134
        ],
        [
          0.10691950966955555,
          0.019403149008272558,
          0.005286797551331768,
          0.026699778708916044,
          0.0907201745398225
        ],
        [
          0.05491015237773367,
          0.016833278903064852,
          0.011754372563482107,
          0.012131322207886486,
          0.044311332868135045
        ]
      ],
      "test_scores": [
        [
          -0.048425242533208124,
          0.034791034020498324,
          0.11520871313203096,
          0.03543005624525197,
          0.01783003729352095
        ],
        [
          -0.002879204028610527,
          0.07183459624473398,
          0.0450958693347413,
          0.012962252600964952,
          -0.19495212931292594
        ],
        [
          -0.03125111245697432,
          0.0865883613712517,
          0.06851486981613752,
          0.0036485713908281925,
          -0.3509153416725075
        ],
        [
          -0.049344724190795386,
          0.07451352150930246,
          0.05836731870089851,
          -0.022114492810563435,
          0.020715615773987728
        ]
      ]
    }
  },
  "69": {
    "fit_time": [
      32.95538830757141,
      36.40778660774231,
      35.730751037597656,
      32.40037441253662,
      32.857001066207886
    ],
    "score_time": [
      1.7950034141540527,
      0.642127513885498,
      0.6758809089660645,
      1.5531492233276367,
      1.702728033065796
    ],
    "test_r2": [
      -0.01736559158870299,
      -0.03447813962384738,
      0.0025949969211822577,
      0.09904699437496889,
      0.04114035210027922
    ],
    "test_rmse": [
      -1.1332610414413962,
      -1.748123288964898,
      -1.1785217341521892,
      -0.718707643489597,
      -1.0988270551387025
    ],
    "test_mae": [
      -0.39429547865105574,
      -0.5423021317458229,
      -0.3915615377214517,
      -0.16509315568828947,
      -0.30630224063574335
    ],
    "best_params": {
      "check_inverse": true,
      "func": null,
      "inverse_func": null,
      "regressor__natural_gradient": true,
      "regressor__n_estimators": 2000,
      "regressor__learning_rate": 0.001,
      "regressor__minibatch_frac": 1.0,
      "regressor__col_sample": 1.0,