{
  "13": {
    "fit_time": [
      0.04117608070373535,
      0.021197080612182617,
      0.03869462013244629,
      0.07560563087463379,
      0.08311891555786133
    ],
    "score_time": [
      0.016259193420410156,
      0.008553266525268555,
      0.016106843948364258,
      0.01433420181274414,
      0.016047239303588867
    ],
    "test_r2": [
      -0.08469651166283154,
      0.11056041464581468,
      -0.03845297902701672,
      0.5936696459927382,
      0.31352833070861985
    ],
    "test_rmse": [
      -1.5835344506018796,
      -0.9185953983042477,
      -1.1323303474822257,
      -0.43727880645896294,
      -1.3161769558093352
    ],
    "test_mae": [
      -0.5085533753965347,
      -0.34132395216187145,
      -0.35739794077901893,
      -0.1645888485095009,
      -0.4347627022635977
    ],
    "best_params": {
      "check_inverse": true,
      "func": null,
      "inverse_func": null,
      "regressor__alpha": 0.0001,
      "regressor__copy_X": true,
      "regressor__fit_intercept": true,
      "regressor__l1_ratio": 0.0,
      "regressor__max_iter": 1000,
      "regressor__positive": false,
      "regressor__precompute": false,
      "regressor__random_state": null,
      "regressor__selection": "cyclic",
      "regressor__tol": 0.0001,
      "regressor__warm_start": false,
      "transformer__memory": null,
      "transformer__verbose": false,
      "transformer__log transform__accept_sparse": false,
      "transformer__log transform__check_inverse": true,
      "transformer__log transform__feature_names_out": null,
      "transformer__log transform__inv_kw_args": null,
      "transformer__log transform__kw_args": null,
      "transformer__log transform__validate": false,
      "transformer__y scaler__copy": true,
      "transformer__y scaler__with_mean": true,
      "transformer__y scaler__with_std": true
    },
    "generalizability_scores": {
      "train_sizes": [
        33,
        132,
        230,
        330
      ],
      "train_sizes_fraction": [
        0.07990314769975787,
        0.3196125907990315,
        0.5569007263922519,
        0.7990314769975787
      ],
      "train_scores": [
        [
          -0.1739274907748345,
          -0.10589548131334725,
          -0.12882214833108363,
          -0.09423501590190209,
          -0.488250736301338
        ],
        [
          -0.09367542162492826,
          -0.10378714734121486,
          -0.10124338955552004,
          -0.10335446670835813,
          -0.11055743165876875
        ],
        [
          -0.0888000734552612,
          -0.08600551230092268,
          -0.09996618714350669,
          -0.09030640714126492,
          -0.09205948540854725
        ],
        [
          -0.09271613923084243,
          -0.08558014609486686,
          -0.08720371139177274,
          -0.0914324206620809,
          -0.09412880564798742
        ]
      ],
      "test_scores": [
        [
          -0.09050862143899252,
          -0.10915862456710079,
          -0.09582733509561758,
          -0.14454228895729826,
          -0.09274313707669668
        ],
        [
          -0.09049749372933191,
          -0.11501010337473017,
          -0.10520807639544216,
          -0.09676314340558712,
          -0.08728705511814927
        ],
        [
          -0.09238344761330763,
          -0.11686453635651706,
          -0.10145128709640017,
          -0.10114515966386195,
          -0.08739898940255464
        ],
        [
          -0.09109007536461355,
          -0.11752066496568192,
          -0.1024366625331905,
          -0.09815322787655356,
          -0.08822195003852373
        ]
      ]
    }
  },
  "42": {
    "fit_time": [
      0.04803657531738281,
      0.040616750717163086,
      0.0244140625,
      0.05946969985961914,
      0.04254031181335449
    ],
    "score_time": [
      0.01859450340270996,
      0.018702268600463867,
      0.01105952262878418,
      0.018297433853149414,
      0.010378360748291016
    ],
    "test_r2": [
      0.27190518174191536,
      -0.35554847681210133,
      0.0968848119823642,
      0.018014941030731646,
      -0.22248060800660263
    ],
    "test_rmse": [
      -1.5612903907049382,
      -0.8342387388120582,
      -1.01882925751662,
      -1.4438651049172673,
      -0.5060981407229108
    ],
    "test_mae": [
      -0.5279336966329887,
      -0.3340322177209487,
      -0.28444063994824814,
      -0.5016435135162179,
      -0.2082809255099322
    ],
    "best_params": {
      "check_inverse": true,
      "func": null,
      "inverse_func": null,
      "regressor__alpha": 0.0001,
      "regressor__copy_X": true,
      "regressor__fit_intercept": true,
      "regressor__l1_ratio": 0.0,
      "regressor__max_iter": 1000,
      "regressor__positive": false,
      "regressor__precompute": false,
      "regressor__random_state": null,
      "regressor__selection": "cyclic",
      "regressor__tol": 0.0001,
      "regressor__warm_start": false,
      "transformer__memory": null,
      "transformer__verbose": false,
      "transformer__log transform__accept_sparse": false,
      "transformer__log transform__check_inverse": true,
      "transformer__log transform__feature_names_out": null,
      "transformer__log transform__inv_kw_args": null,
      "transformer__log transform__kw_args": null,
      "transformer__log transform__validate": false,
      "transformer__y scaler__copy": true,
      "transformer__y scaler__with_mean": true,
      "transformer__y scaler__with_std": true
    },
    "generalizability_scores": {
      "train_sizes": [
        33,
        132,
        230,
        330
      ],
      "train_sizes_fraction": [
        0.07990314769975787,
        0.3196125907990315,
        0.5569007263922519,
        0.7990314769975787
      ],
      "train_scores": [
        [
          -0.14604002948814498,
          -0.06341667480728375,
          -0.16057127737164634,
          -0.09769563099085388,
          -0.1373449516781151
        ],
        [
          -0.10059689163854535,
          -0.09869201368227642,
          -0.11015079441474729,
          -0.09293222850239391,
          -0.1353742505470532
        ],
        [
          -0.0938740165433185,
          -0.10064104563105758,
          -0.09236733615777037,
          -0.08760247520702835,
          -0.10444521361391135
        ],
        [
          -0.08591734275654472,
          -0.09143666768064462,
          -0.09464591351229701,
          -0.08109429111219568,
          -0.0981937284750738
        ]
      ],
      "test_scores": [
        [
          -0.12463904094745937,
          -0.10866412680477966,
          -0.0692314424564684,
          -0.11297787626380962,
          -0.08594789248776613
        ],
        [
          -0.12210570957515854,
          -0.11191196184963825,
          -0.07468578418543781,
          -0.12422444981559444,
          -0.06167726361947401
        ],
        [
          -0.12418888524199256,
          -0.1155420010102648,
          -0.07151211082618936,
          -0.12694204340297133,
          -0.07555132244487317
        ],
        [
          -0.12599584767439032,
          -0.1157054494769636,
          -0.07224649718663834,
          -0.12916898376376906,
          -0.08105552972209007
        ]
      ]
    }
  },
  "69": {
    "fit_time": [
      0.03973793983459473,
      0.03614377975463867,
      0.024787425994873047,
      0.037290334701538086,
      0.04509377479553223
    ],
    "score_time": [
      0.015935897827148438,
      0.015707731246948242,
      0.009344816207885742,
      0.015895366668701172,
      0.017813444137573242
    ],
    "test_r2": [
      0.19245439198994174,
      0.02272749771161131,
      0.32327556746217134,
      -0.10686276422466756,
      0.04537207790814246
    ],
    "test_rmse": [
      -1.0096595703985163,
      -1.6991011716023157,
      -0.9707507913596894,
      -0.796614272636872,
      -1.0963996526779334
    ],