{
  "13": {
    "fit_time": [
      15.364592790603638,
      15.408504009246826,
      15.511203050613403,
      15.580846071243286,
      15.723187685012817
    ],
    "score_time": [
      0.4713411331176758,
      0.46992015838623047,
      0.48608946800231934,
      0.45754194259643555,
      0.46160340309143066
    ],
    "test_r2": [
      0.36094115856445685,
      0.37181311064347977,
      0.07194879794459963,
      0.5326831081798584,
      0.29932729239366695
    ],
    "test_rmse": [
      -1.2154688080013243,
      -0.7719878628932376,
      -1.0704483017165676,
      -0.4689478352609426,
      -1.329721142514675
    ],
    "test_mae": [
      -0.34041595339626946,
      -0.2476746705535534,
      -0.3302085257773813,
      -0.15936614920143033,
      -0.37021670234849907
    ],
    "best_params": {
      "check_inverse": true,
      "func": null,
      "inverse_func": null,
      "regressor__natural_gradient": true,
      "regressor__n_estimators": 2000,
      "regressor__learning_rate": 0.001,
      "regressor__minibatch_frac": 1.0,
      "regressor__col_sample": 1.0,
      "regressor__verbose": false,
      "transformer__memory": null,
      "transformer__verbose": false,
      "transformer__log transform__accept_sparse": false,
      "transformer__log transform__check_inverse": true,
      "transformer__log transform__feature_names_out": null,
      "transformer__log transform__inv_kw_args": null,
      "transformer__log transform__kw_args": null,
      "transformer__log transform__validate": false,
      "transformer__y scaler__copy": true,
      "transformer__y scaler__with_mean": true,
      "transformer__y scaler__with_std": true
    },
    "generalizability_scores": {
      "train_sizes": [
        33,
        132,
        230,
        330
      ],
      "train_sizes_fraction": [
        0.07990314769975787,
        0.3196125907990315,
        0.5569007263922519,
        0.7990314769975787
      ],
      "train_scores": [
        [
          0.9822775715260311,
          0.9914674256808671,
          0.9386678014645023,
          0.984743095900181,
          0.7787439113984882
        ],
        [
          0.8514509040454382,
          0.7262185509266188,
          0.8756817059111203,
          0.8820331326164248,
          0.6177092458120859
        ],
        [
          0.8214951662774972,
          0.6921429587614156,
          0.8318024592028007,
          0.7413128559166622,
          0.5174590118222309
        ],
        [
          0.593772135048577,
          0.5673352330188669,
          0.7786691529263202,
          0.593298653669293,
          0.5003264332930046
        ]
      ],
      "test_scores": [
        [
          0.2457502031317429,
          0.42284629228553905,
          -0.27037888158910617,
          0.21830435006833981,
          -0.046309521463893555
        ],
        [
          0.7243233142046968,
          0.7444878794048949,
          0.08577948003374047,
          0.3040173875900084,
          0.23601099246511736
        ],
        [
          0.6556841413137062,
          0.7584008880537385,
          0.0335955848761218,
          0.5913297066794823,
          0.493688955174895
        ],
        [
          0.5521620987521119,
          0.6166459449354749,
          0.10578536944003247,
          0.5708693990732095,
          0.5290212869717505
        ]
      ]
    }
  },
  "42": {
    "fit_time": [
      15.947301149368286,
      15.579992294311523,
      15.768166780471802,
      15.37696647644043,
      15.4777512550354
    ],
    "score_time": [
      0.48075437545776367,
      0.48259472846984863,
      0.48471593856811523,
      0.482532262802124,
      0.49067139625549316
    ],
    "test_r2": [
      0.3099158674494874,
      0.3119074508355766,
      0.3435658159066085,
      0.33896658219120523,
      0.32716519357117413
    ],
    "test_rmse": [
      -1.5199900233915367,
      -0.5943691418689914,
      -0.8686112092143449,
      -1.1846386238461197,
      -0.3754637188608895
    ],
    "test_mae": [
      -0.5085251591850679,
      -0.16904425869361206,
      -0.22594990287649075,
      -0.41932873320789193,
      -0.1033795600026567
    ],
    "best_params": {
      "check_inverse": true,
      "func": null,
      "inverse_func": null,
      "regressor__natural_gradient": true,
      "regressor__n_estimators": 2000,
      "regressor__learning_rate": 0.001,
      "regressor__minibatch_frac": 1.0,
      "regressor__col_sample": 1.0,
      "regressor__verbose": false,
      "transformer__memory": null,
      "transformer__verbose": false,
      "transformer__log transform__accept_sparse": false,
      "transformer__log transform__check_inverse": true,
      "transformer__log transform__feature_names_out": null,
      "transformer__log transform__inv_kw_args": null,
      "transformer__log transform__kw_args": null,
      "transformer__log transform__validate": false,
      "transformer__y scaler__copy": true,
      "transformer__y scaler__with_mean": true,
      "transformer__y scaler__with_std": true
    },
    "generalizability_scores": {
      "train_sizes": [
        33,
        132,
        230,
        330
      ],
      "train_sizes_fraction": [
        0.07990314769975787,
        0.3196125907990315,
        0.5569007263922519,
        0.7990314769975787
      ],
      "train_scores": [
        [
          0.9789185780546559,
          0.9983244238130791,
          0.9880037841927188,
          0.8362009887830332,
          0.9590665959407534
        ],
        [
          0.7498608285442838,
          0.8215542414101384,
          0.6442422125315275,
          0.8004426430364361,
          0.8972993123754462
        ],
        [
          0.677607912606309,
          0.6217587276535512,
          0.6040620203339885,
          0.7416835842593958,
          0.8298464059498948
        ],
        [
          0.5197663944703971,
          0.6551449213494431,
          0.6040614752108933,
          0.6688636835739312,
          0.6125554418298014
        ]
      ],
      "test_scores": [
        [
          0.28067839814073714,
          -0.76799336065143,
          0.3724743762181397,
          0.5186213509902298,
          0.008809314835409254
        ],
        [
          0.7365981307530345,
          0.4789136200581948,
          0.4915676258046323,
          0.4823336875706118,
          0.20296405417068053
        ],
        [
          0.676598356850167,
          0.5900070810475393,
          0.5324025822830267,
          0.5422628690257423,
          0.02414699553082167
        ],
        [
          0.47236808673317454,
          0.480310027182109,
          0.5709048015170016,
          0.5432163573181178,
          0.16301853867317084
        ]
      ]
    }
  },
  "69": {
    "fit_time": [
      15.71815824508667,
      15.627012252807617,
      15.657387495040894,
      15.737011194229126,
      15.80104947090149
    ],
    "score_time": [
      0.503319501876831,
      0.5057992935180664,
      0.4767017364501953,
      0.49472761154174805,
      0.4936370849609375
    ],
    "test_r2": [
      0.5192266590653009,
      0.3249433808643706,
      0.33204575866854047,
      0.2133660451181778,
      0.3457469214371226
    ],
    "test_rmse": [
      -0.7790433512470689,
      -1.412152176740841,
      -0.9644399256365881,
      -0.6715642034079193,
      -0.9076631630678272
    ],
    "test_mae": [
      -0.2652258528441931,
      -0.42765493295774376,
      -0.31520251218128414,
      -0.1568893467543892,
      -0.2434678469026285
    ],
    "best_params": {
      "check_inverse": true,
      "func": null,
      "inverse_func": null,
      "regressor__natural_gradient": true,
      "regressor__n_estimators": 2000,
      "regressor__learning_rate": 0.001,
      "regressor__minibatch_frac": 1.0,
      "regressor__col_sample": 1.0,
      "regressor__verbose": false,
      "transformer__memory": null,
      "transformer__verbose": false,