{
  "13": {
    "fit_time": [
      0.01217341423034668,
      0.012465715408325195,
      0.012305736541748047,
      0.012373685836791992,
      0.012347221374511719
    ],
    "score_time": [
      0.008124828338623047,
      0.008092403411865234,
      0.00803065299987793,
      0.008195161819458008,
      0.008012533187866211
    ],
    "test_r2": [
      -0.025782891320232926,
      0.3835710670778901,
      -0.0004511171392365121,
      0.0451213071805201,
      -0.03272626540124923
    ],
    "test_rmse": [
      -1.539930497504729,
      -0.7647289752621005,
      -1.1114186124215715,
      -0.670336545522266,
      -1.6143421444441963
    ],
    "test_mae": [
      -0.44880825485917675,
      -0.2529799300449283,
      -0.34893283794835656,
      -0.21615567288372903,
      -0.46100511885149953
    ],
    "best_params": {
      "check_inverse": true,
      "func": null,
      "inverse_func": null,
      "regressor__ccp_alpha": 0.07119487767670934,
      "regressor__criterion": "squared_error",
      "regressor__max_depth": null,
      "regressor__max_features": null,
      "regressor__max_leaf_nodes": null,
      "regressor__min_impurity_decrease": 0.0,
      "regressor__min_samples_leaf": 0.05,
      "regressor__min_samples_split": 0.3423678799656124,
      "regressor__min_weight_fraction_leaf": 0.0,
      "regressor__monotonic_cst": null,
      "regressor__random_state": null,
      "regressor__splitter": "best",
      "transformer__memory": null,
      "transformer__verbose": false,
      "transformer__log transform__accept_sparse": false,
      "transformer__log transform__check_inverse": true,
      "transformer__log transform__feature_names_out": null,
      "transformer__log transform__inv_kw_args": null,
      "transformer__log transform__kw_args": null,
      "transformer__log transform__validate": false,
      "transformer__y scaler__copy": true,
      "transformer__y scaler__with_mean": true,
      "transformer__y scaler__with_std": true
    },
    "generalizability_scores": {
      "train_sizes": [
        33,
        132,
        230,
        330
      ],
      "train_sizes_fraction": [
        0.07990314769975787,
        0.3196125907990315,
        0.5569007263922519,
        0.7990314769975787
      ],
      "train_scores": [
        [
          0.9903705114530559,
          0.998178379002986,
          0.9411983718470031,
          0.9967414028410055,
          0.7925216183621042
        ],
        [
          0.948924997139809,
          0.8606908886001111,
          0.9133594796522377,
          0.9072871068186612,
          0.8475692945076045
        ],
        [
          0.9298752952560935,
          0.8186696179866664,
          0.8878252462992546,
          0.8617258778417691,
          0.7007792157771306
        ],
        [
          0.7390602958843702,
          0.7515183890324804,
          0.8468119048564575,
          0.730613560431147,
          0.6938784748349056
        ]
      ],
      "test_scores": [
        [
          0.34579655743852755,
          0.24306715241921018,
          -0.3403482584596744,
          0.06338701465175034,
          -0.04813474183048938
        ],
        [
          0.7832216170344845,
          -0.1049785113809949,
          0.11202710353404532,
          0.10532622804309633,
          0.26092866246100554
        ],
        [
          0.7411024577750767,
          0.413365831957909,
          0.25869631264630555,
          0.5805409452787835,
          0.5413063192042269
        ],
        [
          0.6753032016843443,
          0.3476119650037556,
          0.3891297403792745,
          0.674348740884917,
          0.6009649603628571
        ]
      ]
    }
  },
  "42": {
    "fit_time": [
      0.023045778274536133,
      0.023197650909423828,
      0.02309870719909668,
      0.01379704475402832,
      0.012408971786499023
    ],
    "score_time": [
      0.015409469604492188,
      0.015427112579345703,
      0.015665769577026367,
      0.008967399597167969,
      0.007949590682983398
    ],
    "test_r2": [
      0.2500105576325853,
      0.30164671246484565,
      0.33089892486036965,
      0.2979872403245606,
      0.4584384608002259
    ],
    "test_rmse": [
      -1.5845913890342773,
      -0.5987843172752589,
      -0.8769517495595542,
      -1.2208060799164098,
      -0.33685085918320457
    ],
    "test_mae": [
      -0.5571626917392427,
      -0.24363617790406283,
      -0.2444240031421994,
      -0.3916911593988209,
      -0.12794965693464766
    ],
    "best_params": {
      "check_inverse": true,
      "func": null,
      "inverse_func": null,
      "regressor__ccp_alpha": 0.05,
      "regressor__criterion": "squared_error",
      "regressor__max_depth": null,
      "regressor__max_features": null,
      "regressor__max_leaf_nodes": null,
      "regressor__min_impurity_decrease": 0.0,
      "regressor__min_samples_leaf": 0.066578325611481,
      "regressor__min_samples_split": 0.06888291394773075,
      "regressor__min_weight_fraction_leaf": 0.0,
      "regressor__monotonic_cst": null,
      "regressor__random_state": null,
      "regressor__splitter": "best",
      "transformer__memory": null,
      "transformer__verbose": false,
      "transformer__log transform__accept_sparse": false,
      "transformer__log transform__check_inverse": true,
      "transformer__log transform__feature_names_out": null,
      "transformer__log transform__inv_kw_args": null,
      "transformer__log transform__kw_args": null,
      "transformer__log transform__validate": false,
      "transformer__y scaler__copy": true,
      "transformer__y scaler__with_mean": true,
      "transformer__y scaler__with_std": true
    },
    "generalizability_scores": {
      "train_sizes": [
        33,
        132,
        230,
        330
      ],
      "train_sizes_fraction": [
        0.07990314769975787,
        0.3196125907990315,
        0.5569007263922519,
        0.7990314769975787
      ],
      "train_scores": [
        [
          0.9961858011392949,
          0.9994822886594008,
          0.9896517738174677,
          0.8450496910376946,
          0.9640080430282083
        ],
        [
          0.7972818069390425,
          0.9040860415447237,
          0.7685597120659741,
          0.8583413490299404,
          0.9224117473753193
        ],
        [
          0.7799854725188844,
          0.7657009311256731,
          0.6790070387591112,
          0.8573095976908272,
          0.9020658130911906
        ],
        [
          0.6621883917456353,
          0.7581159356339634,
          0.7213663061870221,
          0.8218316800438704,
          0.7590444192107386
        ]
      ],
      "test_scores": [
        [
          0.1972710432293766,
          -2.1939047342517966,
          0.3560411693972485,
          0.4843158592835044,
          -0.019032923932533308
        ],
        [
          0.8007707158688512,
          0.5536886234389196,
          0.6858100526822088,
          0.6044254532454032,
          -2.828281601351996
        ],
        [
          0.6964701399521304,
          0.8153643851622951,
          0.7316160037894972,
          0.6309282941297824,
          -0.9921278921887733
        ],
        [
          0.4923644955115982,
          0.6743438104476285,
          0.7801434376224049,
          0.6788600296782807,
          -0.576585295691898
        ]
      ]
    }
  },
  "69": {
    "fit_time": [
      0.012057781219482422,
      0.022691965103149414,
      0.012276649475097656,
      0.022397279739379883,
      0.023554325103759766
    ],
    "score_time": [
      0.007931709289550781,
      0.010510921478271484,
      0.008147954940795898,
      0.01527261734008789,
      0.015721559524536133
    ],
    "test_r2": [
      0.3672142181353977,
      0.22752593984124725,
      0.3240414312678721,
      0.0011932011272459686,
      0.3549360427679289
    ],