{
  "13": {
    "fit_time": [
      0.0270538330078125,
      0.015930891036987305,
      0.010326623916625977,
      0.024814844131469727,
      0.029321670532226562
    ],
    "score_time": [
      0.014660835266113281,
      0.0063936710357666016,
      0.0060083866119384766,
      0.014411211013793945,
      0.01739501953125
    ],
    "test_r2": [
      -0.04907813077880219,
      -0.07448831459532435,
      -0.09650029117787318,
      -0.045609751513106644,
      -0.03636946339008862
    ],
    "test_rmse": [
      -1.5573180283273638,
      -1.0096407871775024,
      -1.1635474651294198,
      -0.7014611261473971,
      -1.6171871336653634
    ],
    "test_mae": [
      -0.4761456858585079,
      -0.36181210287939203,
      -0.3885676089376239,
      -0.2532034822571963,
      -0.49391465746453606
    ],
    "best_params": {
      "check_inverse": true,
      "func": null,
      "inverse_func": null,
      "regressor__alpha": 0.06408118670282212,
      "regressor__copy_X": true,
      "regressor__fit_intercept": true,
      "regressor__l1_ratio": 0.8201912804346396,
      "regressor__max_iter": 1000,
      "regressor__positive": false,
      "regressor__precompute": false,
      "regressor__random_state": null,
      "regressor__selection": "cyclic",
      "regressor__tol": 0.0001,
      "regressor__warm_start": false,
      "transformer__memory": null,
      "transformer__verbose": false,
      "transformer__log transform__accept_sparse": false,
      "transformer__log transform__check_inverse": true,
      "transformer__log transform__feature_names_out": null,
      "transformer__log transform__inv_kw_args": null,
      "transformer__log transform__kw_args": null,
      "transformer__log transform__validate": false,
      "transformer__y scaler__copy": true,
      "transformer__y scaler__with_mean": true,
      "transformer__y scaler__with_std": true
    },
    "generalizability_scores": {
      "train_sizes": [
        33,
        132,
        230,
        330
      ],
      "train_sizes_fraction": [
        0.07990314769975787,
        0.3196125907990315,
        0.5569007263922519,
        0.7990314769975787
      ],
      "train_scores": [
        [
          -0.1826354816104343,
          -0.10596478799788955,
          -0.13013200173569284,
          -0.09500038988037551,
          -0.49680423225320003
        ],
        [
          -0.09653953220263123,
          -0.104427520616311,
          -0.10138636453645256,
          -0.10345745221449287,
          -0.11083840749967888
        ],
        [
          -0.08903345029068421,
          -0.08658581524796327,
          -0.10052657299125234,
          -0.09067085365806338,
          -0.09444409873940018
        ],
        [
          -0.09335807987238587,
          -0.08671648667659815,
          -0.08873994112981443,
          -0.09296379763610885,
          -0.09590077812854303
        ]
      ],
      "test_scores": [
        [
          -0.09233609415988053,
          -0.10928462978910702,
          -0.09727633153465298,
          -1.1242936833261212,
          -0.09293930909464776
        ],
        [
          -0.09232005970619017,
          -0.11589395707759009,
          -0.10538245262599344,
          -0.09698758678566888,
          -0.08743650673094461
        ],
        [
          -0.09257759510910879,
          -0.11778333554991116,
          -0.10242179610652058,
          -0.10196280276228875,
          -0.08906551709430643
        ],
        [
          -0.0915717718029847,
          -0.11931431628729006,
          -0.10430311561431216,
          -0.10138289980425874,
          -0.08938025685275353
        ]
      ]
    }
  },
  "42": {
    "fit_time": [
      0.020029544830322266,
      0.03497195243835449,
      0.03216862678527832,
      0.027983903884887695,
      0.012525081634521484
    ],
    "score_time": [
      0.0063817501068115234,
      0.006827592849731445,
      0.00762486457824707,
      0.007460832595825195,
      0.0064411163330078125
    ],
    "test_r2": [
      -0.07702376925841126,
      -0.11138788209664918,
      -0.05161837371140554,
      -0.08695600709409157,
      -0.33823820483759626
    ],
    "test_rmse": [
      -1.8989011637015067,
      -0.7553803007583061,
      -1.0994080629587624,
      -1.5190783146711935,
      -0.529517679131652
    ],
    "test_mae": [
      -0.6521031750876949,
      -0.28357504726930466,
      -0.3235299349266484,
      -0.5316305239171707,
      -0.21584794911159788
    ],
    "best_params": {
      "check_inverse": true,
      "func": null,
      "inverse_func": null,
      "regressor__alpha": 0.05206011967559826,
      "regressor__copy_X": true,
      "regressor__fit_intercept": true,
      "regressor__l1_ratio": 1.0,
      "regressor__max_iter": 1000,
      "regressor__positive": false,
      "regressor__precompute": false,
      "regressor__random_state": null,
      "regressor__selection": "cyclic",
      "regressor__tol": 0.0001,
      "regressor__warm_start": false,
      "transformer__memory": null,
      "transformer__verbose": false,
      "transformer__log transform__accept_sparse": false,
      "transformer__log transform__check_inverse": true,
      "transformer__log transform__feature_names_out": null,
      "transformer__log transform__inv_kw_args": null,
      "transformer__log transform__kw_args": null,
      "transformer__log transform__validate": false,
      "transformer__y scaler__copy": true,
      "transformer__y scaler__with_mean": true,
      "transformer__y scaler__with_std": true
    },
    "generalizability_scores": {
      "train_sizes": [
        33,
        132,
        230,
        330
      ],
      "train_sizes_fraction": [
        0.07990314769975787,
        0.3196125907990315,
        0.5569007263922519,
        0.7990314769975787
      ],
      "train_scores": [
        [
          -0.1507777493906195,
          -0.06771976777500988,
          -0.16057127737164634,
          -0.10626473996272257,
          -0.13941970869005282
        ],
        [
          -0.10478676887912952,
          -0.10279587209994911,
          -0.11015079441474729,
          -0.09481573584994418,
          -0.13739986503753343
        ],
        [
          -0.09677338358168464,
          -0.10192745841938655,
          -0.093285721292649,
          -0.08871727133900786,
          -0.10689619387180072
        ],
        [
          -0.08778191145095904,
          -0.09202228173399929,
          -0.09546018579034499,
          -0.08257148319079533,
          -0.10036192773445696
        ]
      ],
      "test_scores": [
        [
          -0.1257165612671347,
          -0.11976887120007351,
          -0.0692314424564684,
          -0.12266048314646127,
          -0.09331371074471795
        ],
        [
          -0.12478341548418248,
          -0.11949018659343436,
          -0.07468578418543781,
          -0.12630471869500925,
          -0.0683619173780059
        ],
        [
          -0.12600494016303965,
          -0.11800423234978963,
          -0.07249348068789296,
          -0.1281646328533128,
          -0.0821320306908242
        ],
        [
          -0.1272741447514789,
          -0.1169083038233385,
          -0.07308056721307477,
          -0.13066716803853673,
          -0.08635967694705116
        ]
      ]
    }
  },
  "69": {
    "fit_time": [
      0.01834392547607422,
      0.01740288734436035,
      0.024539709091186523,
      0.010980844497680664,
      0.010232925415039062
    ],
    "score_time": [
      0.00680851936340332,
      0.0065495967864990234,
      0.006239175796508789,
      0.0065844058990478516,
      0.006084918975830078
    ],
    "test_r2": [
      -0.06333493090789899,
      -0.05589809728361317,
      -0.07562600932380081,
      -0.06442774509937466,
      -0.048272950051629904
    ],
    "test_rmse": [
      -1.158581199671829,
      -1.7661289255539219,
      -1.2238620622424268,
      -0.7811946988367082,
      -1.1489179441630863
    ],