{
  "13": {
    "fit_time": [
      0.027504444122314453,
      0.027222394943237305,
      0.027703523635864258,
      0.027423620223999023,
      0.027585983276367188
    ],
    "score_time": [
      0.017889022827148438,
      0.018655061721801758,
      0.01789689064025879,
      0.0177152156829834,
      0.018920183181762695
    ],
    "test_r2": [
      0.06643684796312832,
      0.11119827907846314,
      -0.01616928946916074,
      0.2031173085504936,
      0.03941327288550256
    ],
    "test_rmse": [
      -1.4690793197101055,
      -0.9182659524194605,
      -1.1201153826512946,
      -0.6123729415822377,
      -1.5569378050454818
    ],
    "test_mae": [
      -0.4540241690009384,
      -0.3044851862681493,
      -0.34340339339045794,
      -0.21374668861187152,
      -0.44032049800890255
    ],
    "best_params": {
      "check_inverse": true,
      "func": null,
      "inverse_func": null,
      "regressor__ccp_alpha": 0.05,
      "regressor__criterion": "squared_error",
      "regressor__max_depth": null,
      "regressor__max_features": null,
      "regressor__max_leaf_nodes": null,
      "regressor__min_impurity_decrease": 0.0,
      "regressor__min_samples_leaf": 0.05,
      "regressor__min_samples_split": 0.05,
      "regressor__min_weight_fraction_leaf": 0.0,
      "regressor__monotonic_cst": null,
      "regressor__random_state": null,
      "regressor__splitter": "best",
      "transformer__memory": null,
      "transformer__verbose": false,
      "transformer__log transform__accept_sparse": false,
      "transformer__log transform__check_inverse": true,
      "transformer__log transform__feature_names_out": null,
      "transformer__log transform__inv_kw_args": null,
      "transformer__log transform__kw_args": null,
      "transformer__log transform__validate": false,
      "transformer__y scaler__copy": true,
      "transformer__y scaler__with_mean": true,
      "transformer__y scaler__with_std": true
    },
    "generalizability_scores": {
      "train_sizes": [
        33,
        132,
        230,
        330
      ],
      "train_sizes_fraction": [
        0.07990314769975787,
        0.3196125907990315,
        0.5569007263922519,
        0.7990314769975787
      ],
      "train_scores": [
        [
          0.9999050989243212,
          0.9989449828768479,
          0.9420352061917827,
          0.9998594102956162,
          0.9237598845790482
        ],
        [
          0.976994324001131,
          0.9859707458708562,
          0.9547451963179591,
          0.9163685707647695,
          0.9052969107841704
        ],
        [
          0.9686894214162148,
          0.8876530308228475,
          0.9486174242633395,
          0.9282582945701474,
          0.761993515347279
        ],
        [
          0.9386717991330169,
          0.8593213557715382,
          0.8982751781044461,
          0.8351262907300134,
          0.7642861488441779
        ]
      ],
      "test_scores": [
        [
          0.2770549993704119,
          -0.9167164257139666,
          -0.36211620004576384,
          -4.641631329865983,
          -0.056892223470404346
        ],
        [
          0.3634082125583469,
          -0.2474347063905944,
          -0.09998920196976635,
          0.39759109041299445,
          0.19019730615929387
        ],
        [
          0.46666380322990497,
          0.6651081765272115,
          -0.17648853417228216,
          0.1182625369662097,
          0.9298572638430489
        ],
        [
          0.38595806472405314,
          0.4501547257487546,
          0.4164919332525112,
          0.10684456637162398,
          0.8259692031234831
        ]
      ]
    }
  },
  "42": {
    "fit_time": [
      0.027446985244750977,
      0.02723073959350586,
      0.028786659240722656,
      0.027612924575805664,
      0.027925968170166016
    ],
    "score_time": [
      0.017611980438232422,
      0.019303321838378906,
      0.017873525619506836,
      0.01772785186767578,
      0.01811504364013672
    ],
    "test_r2": [
      -0.06757272542557602,
      0.1515544548675114,
      0.10383898479850573,
      -0.06123279925257763,
      0.20538511513574165
    ],
    "test_rmse": [
      -1.890551235241464,
      -0.6600013336461282,
      -1.0148990796179718,
      -1.5009959231124044,
      -0.40803000485755153
    ],
    "test_mae": [
      -0.635549359047875,
      -0.22351274086840645,
      -0.2793073904621013,
      -0.5091515401179283,
      -0.14636757578850934
    ],
    "best_params": {
      "check_inverse": true,
      "func": null,
      "inverse_func": null,
      "regressor__ccp_alpha": 0.05,
      "regressor__criterion": "squared_error",
      "regressor__max_depth": null,
      "regressor__max_features": null,
      "regressor__max_leaf_nodes": null,
      "regressor__min_impurity_decrease": 0.0,
      "regressor__min_samples_leaf": 0.05,
      "regressor__min_samples_split": 0.05,
      "regressor__min_weight_fraction_leaf": 0.0,
      "regressor__monotonic_cst": null,
      "regressor__random_state": null,
      "regressor__splitter": "best",
      "transformer__memory": null,
      "transformer__verbose": false,
      "transformer__log transform__accept_sparse": false,
      "transformer__log transform__check_inverse": true,
      "transformer__log transform__feature_names_out": null,
      "transformer__log transform__inv_kw_args": null,
      "transformer__log transform__kw_args": null,
      "transformer__log transform__validate": false,
      "transformer__y scaler__copy": true,
      "transformer__y scaler__with_mean": true,
      "transformer__y scaler__with_std": true
    },
    "generalizability_scores": {
      "train_sizes": [
        33,
        132,
        230,
        330
      ],
      "train_sizes_fraction": [
        0.07990314769975787,
        0.3196125907990315,
        0.5569007263922519,
        0.7990314769975787
      ],
      "train_scores": [
        [
          0.9983187567445112,
          0.9999943088571381,
          0.9996477388303275,
          0.8454120403011067,
          0.9818159309778423
        ],
        [
          0.9448488346577018,
          0.9683004910504109,
          0.9462518119488185,
          0.9272731792652888,
          0.9810057725032101
        ],
        [
          0.9134818528686861,
          0.9736602287523602,
          0.8186152886768349,
          0.925829672668795,
          0.9567069049180416
        ],
        [
          0.8982251670679305,
          0.8360355570836695,
          0.832752005306212,
          0.8649507908524549,
          0.8589255736474058
        ]
      ],
      "test_scores": [
        [
          0.0652396970978425,
          -0.054197101742545994,
          0.294594049898962,
          0.12930593476821595,
          -12.197203411853645
        ],
        [
          -0.07730766778296938,
          0.7986889358595446,
          0.6655170833401651,
          0.2954568375774187,
          -6.592099499889936
        ],
        [
          0.5975654808533257,
          0.7673874166533599,
          0.8366122319599616,
          0.371065457720126,
          -4.939246692859721
        ],
        [
          0.5363042529938182,
          0.7540004882361888,
          0.8814825076254649,
          0.5100359929840823,
          -1.0540306838775155
        ]
      ]
    }
  },
  "69": {
    "fit_time": [
      0.027547359466552734,
      0.027026891708374023,
      0.02624225616455078,
      0.031638145446777344,
      0.05966639518737793
    ],
    "score_time": [
      0.017593860626220703,
      0.017675161361694336,
      0.017635345458984375,
      0.017392396926879883,
      0.01871013641357422
    ],
    "test_r2": [
      -0.036960303387231,
      0.04133426374288418,
      0.07027608120347728,
      0.10446228409279146,
      0.10583683153184431
    ],