{
  "13": {
    "fit_time": [
      0.017343759536743164,
      0.0171048641204834,
      0.016612768173217773,
      0.016353845596313477,
      0.016226768493652344
    ],
    "score_time": [
      0.006932258605957031,
      0.006837129592895508,
      0.006880760192871094,
      0.006829977035522461,
      0.006798744201660156
    ],
    "test_r2": [
      -0.02187742576273477,
      -0.02067946445421809,
      -0.04632813025955418,
      -0.0015207308972380318,
      -0.037954587381497706
    ],
    "test_rmse": [
      -1.5369962114532223,
      -0.9840354107774376,
      -1.1366157752225294,
      -0.6865130028374345,
      -1.6184234025681596
    ],
    "test_mae": [
      -0.4495263462976982,
      -0.31835318804695656,
      -0.35474592829689033,
      -0.22869913843508743,
      -0.46243870061369025
    ],
    "best_params": {
      "check_inverse": true,
      "func": null,
      "inverse_func": null,
      "regressor__ccp_alpha": 0.05,
      "regressor__criterion": "squared_error",
      "regressor__max_depth": null,
      "regressor__max_features": "log2",
      "regressor__max_leaf_nodes": null,
      "regressor__min_impurity_decrease": 0.0,
      "regressor__min_samples_leaf": 0.05,
      "regressor__min_samples_split": 0.14932476171407252,
      "regressor__min_weight_fraction_leaf": 0.0,
      "regressor__monotonic_cst": null,
      "regressor__random_state": null,
      "regressor__splitter": "best",
      "transformer__memory": null,
      "transformer__verbose": false,
      "transformer__log transform__accept_sparse": false,
      "transformer__log transform__check_inverse": true,
      "transformer__log transform__feature_names_out": null,
      "transformer__log transform__inv_kw_args": null,
      "transformer__log transform__kw_args": null,
      "transformer__log transform__validate": false,
      "transformer__y scaler__copy": true,
      "transformer__y scaler__with_mean": true,
      "transformer__y scaler__with_std": true
    },
    "generalizability_scores": {
      "train_sizes": [
        33,
        132,
        230,
        330
      ],
      "train_sizes_fraction": [
        0.07990314769975787,
        0.3196125907990315,
        0.5569007263922519,
        0.7990314769975787
      ],
      "train_scores": [
        [
          0.9903755831143976,
          0.9983154976889584,
          0.9414330174841244,
          0.9974124154270324,
          0.8231822782813256
        ],
        [
          0.9724959712725636,
          0.9363236975053271,
          0.9497135955291883,
          0.913000917955716,
          0.8984127885696902
        ],
        [
          0.9530318552238644,
          0.8506357191326898,
          0.9098611804208226,
          0.9217029490648108,
          0.7273798850706796
        ],
        [
          0.9251121302534951,
          0.8249265786288866,
          0.8602949914629764,
          0.801682215509391,
          0.735044979762853
        ]
      ],
      "test_scores": [
        [
          0.14148064693248297,
          -0.6946434590361064,
          -0.93673380856012,
          -4.639096665446925,
          -0.050842184226647325
        ],
        [
          0.4589624109463576,
          0.36721775507980703,
          -0.1134182355587472,
          -1.2029262236251532,
          0.6817787051375371
        ],
        [
          0.7108456492148777,
          0.658580999407143,
          -0.11569727643094385,
          0.44736485720417996,
          0.8881378566296142
        ],
        [
          0.4153359755186766,
          0.6738442883183707,
          0.477569493775326,
          0.615932235874055,
          0.9221781754374633
        ]
      ]
    }
  },
  "42": {
    "fit_time": [
      0.01726555824279785,
      0.01632070541381836,
      0.01596832275390625,
      0.01560354232788086,
      0.015572071075439453
    ],
    "score_time": [
      0.00671696662902832,
      0.006468057632446289,
      0.006479978561401367,
      0.006376743316650391,
      0.006411552429199219
    ],
    "test_r2": [
      -0.06816846095020601,
      0.1528512047032632,
      0.1046057907090947,
      -0.06087057263512796,
      0.2077706578019486
    ],
    "test_rmse": [
      -1.8910786519816132,
      -0.6594967733386002,
      -1.0144647842483558,
      -1.500739736590858,
      -0.4074170635115982
    ],
    "test_mae": [
      -0.6432826622504897,
      -0.2231211053940162,
      -0.27731457564115036,
      -0.508181110327697,
      -0.14436770233312016
    ],
    "best_params": {
      "check_inverse": true,
      "func": null,
      "inverse_func": null,
      "regressor__ccp_alpha": 0.05,
      "regressor__criterion": "squared_error",
      "regressor__max_depth": null,
      "regressor__max_features": null,
      "regressor__max_leaf_nodes": null,
      "regressor__min_impurity_decrease": 0.0,
      "regressor__min_samples_leaf": 0.05,
      "regressor__min_samples_split": 0.05,
      "regressor__min_weight_fraction_leaf": 0.0,
      "regressor__monotonic_cst": null,
      "regressor__random_state": null,
      "regressor__splitter": "best",
      "transformer__memory": null,
      "transformer__verbose": false,
      "transformer__log transform__accept_sparse": false,
      "transformer__log transform__check_inverse": true,
      "transformer__log transform__feature_names_out": null,
      "transformer__log transform__inv_kw_args": null,
      "transformer__log transform__kw_args": null,
      "transformer__log transform__validate": false,
      "transformer__y scaler__copy": true,
      "transformer__y scaler__with_mean": true,
      "transformer__y scaler__with_std": true
    },
    "generalizability_scores": {
      "train_sizes": [
        33,
        132,
        230,
        330
      ],
      "train_sizes_fraction": [
        0.07990314769975787,
        0.3196125907990315,
        0.5569007263922519,
        0.7990314769975787
      ],
      "train_scores": [
        [
          0.9961858019978248,
          0.9995902440556422,
          0.9896517738174677,
          0.845051391187047,
          0.9640107053012203
        ],
        [
          0.935495844684373,
          0.9044465879793409,
          0.8564389478171097,
          0.8915017778117619,
          0.9444326307052632
        ],
        [
          0.9067725796714509,
          0.9282697166517342,
          0.7748301711751163,
          0.8875066717168888,
          0.9221829469372481
        ],
        [
          0.8917687636090176,
          0.8029242494328778,
          0.7959423937797441,
          0.8303538222088306,
          0.8262003595649783
        ]
      ],
      "test_scores": [
        [
          -0.20529354071519967,
          -0.5799158117979999,
          0.31967254714744553,
          0.48717201663458953,
          -2.5403909761513637
        ],
        [
          0.6652752191907105,
          0.5564493291321129,
          0.753620929367645,
          0.35848741856400557,
          -8.259965804844612
        ],
        [
          0.7095631880265569,
          0.768328159554635,
          0.8396264536796112,
          0.3889488919976447,
          -0.9614480794729221
        ],
        [
          0.6263115636632295,
          0.7642475688836861,
          0.8803642935836912,
          0.7458760070094708,
          -1.0155085892808375
        ]
      ]
    }
  },
  "69": {
    "fit_time": [
      0.01696300506591797,
      0.022905826568603516,
      0.03752398490905762,
      0.03629755973815918,
      0.014626026153564453
    ],
    "score_time": [
      0.006225109100341797,
      0.006360054016113281,
      0.013187646865844727,
      0.011770963668823242,
      0.006631374359130859
    ],
    "test_r2": [
      -0.03669976491636495,
      0.04180708442401826,
      0.06965603947105548,
      0.3080643913402271,
      0.10664019179371098
    ],