{
  "13": {
    "fit_time": [
      0.026912927627563477,
      0.027093887329101562,
      0.026726961135864258,
      0.0272824764251709,
      0.026479244232177734
    ],
    "score_time": [
      0.017471790313720703,
      0.017547607421875,
      0.017338037490844727,
      0.01783156394958496,
      0.017347335815429688
    ],
    "test_r2": [
      -0.07787904918097088,
      -0.06048634288053023,
      -0.0436364424838116,
      0.3239012382367322,
      0.030464559544123526
    ],
    "test_rmse": [
      -1.578550243871844,
      -1.003040752620404,
      -1.1351528570295102,
      -0.5640581334925893,
      -1.5641731183132137
    ],
    "test_mae": [
      -0.5149473452728567,
      -0.37013626357182566,
      -0.3708215633058044,
      -0.20169717796351844,
      -0.5296726882456068
    ],
    "best_params": {
      "check_inverse": true,
      "func": null,
      "inverse_func": null,
      "regressor__alpha": 0.005644619456540778,
      "regressor__copy_X": true,
      "regressor__fit_intercept": true,
      "regressor__l1_ratio": 1.0,
      "regressor__max_iter": 1000,
      "regressor__positive": false,
      "regressor__precompute": false,
      "regressor__random_state": null,
      "regressor__selection": "cyclic",
      "regressor__tol": 0.0001,
      "regressor__warm_start": false,
      "transformer__memory": null,
      "transformer__verbose": false,
      "transformer__log transform__accept_sparse": false,
      "transformer__log transform__check_inverse": true,
      "transformer__log transform__feature_names_out": null,
      "transformer__log transform__inv_kw_args": null,
      "transformer__log transform__kw_args": null,
      "transformer__log transform__validate": false,
      "transformer__y scaler__copy": true,
      "transformer__y scaler__with_mean": true,
      "transformer__y scaler__with_std": true
    },
    "generalizability_scores": {
      "train_sizes": [
        33,
        132,
        230,
        330
      ],
      "train_sizes_fraction": [
        0.07990314769975787,
        0.3196125907990315,
        0.5569007263922519,
        0.7990314769975787
      ],
      "train_scores": [
        [
          -0.1739274907748345,
          -0.10589548049043906,
          -0.12927153651688528,
          -0.09430016369131855,
          -0.49680423225320003
        ],
        [
          -0.09367542162492826,
          -0.10378714734121486,
          -0.10124338955552004,
          -0.10335446670835813,
          -0.11055743165876875
        ],
        [
          -0.0888000734552612,
          -0.08600551230092268,
          -0.09996618326292661,
          -0.09030640714126492,
          -0.09205948540854725
        ],
        [
          -0.09271613923084243,
          -0.08558014609486686,
          -0.08720371139177274,
          -0.0914324206620809,
          -0.09412880564798742
        ]
      ],
      "test_scores": [
        [
          -0.09050862143899252,
          -0.10915862264509824,
          -0.09622848659184857,
          -0.31307274074334046,
          -0.09293930909464776
        ],
        [
          -0.09049749372933191,
          -0.11501010337473017,
          -0.10520807639544216,
          -0.09676314340558712,
          -0.08728705511814927
        ],
        [
          -0.09238344761330763,
          -0.11686453635651706,
          -0.10145127810561227,
          -0.10114515966386195,
          -0.08739898940255464
        ],
        [
          -0.09109007536461355,
          -0.11752066496568192,
          -0.1024366625331905,
          -0.09815322787655356,
          -0.08822195003852373
        ]
      ]
    }
  },
  "42": {
    "fit_time": [
      0.02695298194885254,
      0.027801513671875,
      0.02703404426574707,
      0.026720285415649414,
      0.026985883712768555
    ],
    "score_time": [
      0.017453432083129883,
      0.01803421974182129,
      0.017438173294067383,
      0.01726841926574707,
      0.017436742782592773
    ],
    "test_r2": [
      0.017186743117891923,
      -0.6410788056101697,
      -0.030237017703962144,
      -0.02366703198622777,
      -0.23655222549646893
    ],
    "test_rmse": [
      -1.8139496143348042,
      -0.9179045963888377,
      -1.0881741636077091,
      -1.4741902649162169,
      -0.5090025805922155
    ],
    "test_mae": [
      -0.6095230206590975,
      -0.3789783975304793,
      -0.30495156818697555,
      -0.5143536422066566,
      -0.1921277671786957
    ],
    "best_params": {
      "check_inverse": true,
      "func": null,
      "inverse_func": null,
      "regressor__alpha": 0.026138550244300153,
      "regressor__copy_X": true,
      "regressor__fit_intercept": true,
      "regressor__l1_ratio": 1.0,
      "regressor__max_iter": 1000,
      "regressor__positive": false,
      "regressor__precompute": false,
      "regressor__random_state": null,
      "regressor__selection": "cyclic",
      "regressor__tol": 0.0001,
      "regressor__warm_start": false,
      "transformer__memory": null,
      "transformer__verbose": false,
      "transformer__log transform__accept_sparse": false,
      "transformer__log transform__check_inverse": true,
      "transformer__log transform__feature_names_out": null,
      "transformer__log transform__inv_kw_args": null,
      "transformer__log transform__kw_args": null,
      "transformer__log transform__validate": false,
      "transformer__y scaler__copy": true,
      "transformer__y scaler__with_mean": true,
      "transformer__y scaler__with_std": true
    },
    "generalizability_scores": {
      "train_sizes": [
        33,
        132,
        230,
        330
      ],
      "train_sizes_fraction": [
        0.07990314769975787,
        0.3196125907990315,
        0.5569007263922519,
        0.7990314769975787
      ],
      "train_scores": [
        [
          -0.1460400182611643,
          -0.06341667480728375,
          -0.16057127737164634,
          -0.09769563099085388,
          -0.13734502202910281
        ],
        [
          -0.10059689163854535,
          -0.09869201368227642,
          -0.11015079441474729,
          -0.09293222850239391,
          -0.1353742505470532
        ],
        [
          -0.0938740165433185,
          -0.10064104563105758,
          -0.09236733615777037,
          -0.08760247520702835,
          -0.10444521361391135
        ],
        [
          -0.08591734275654472,
          -0.09143666768064462,
          -0.09464591351229701,
          -0.08109429111219568,
          -0.0981937284750738
        ]
      ],
      "test_scores": [
        [
          -0.12463903199930404,
          -0.10866412680477966,
          -0.0692314424564684,
          -0.11297787626380962,
          -0.08594781769593918
        ],
        [
          -0.12210570957515854,
          -0.11191196184963825,
          -0.07468578418543781,
          -0.12422444981559444,
          -0.06167726361947401
        ],
        [
          -0.12418888524199256,
          -0.1155420010102648,
          -0.07151211082618936,
          -0.12694204340297133,
          -0.07555132244487317
        ],
        [
          -0.12599584767439032,
          -0.1157054494769636,
          -0.07224649718663834,
          -0.12916898376376906,
          -0.08105552972209007
        ]
      ]
    }
  },
  "69": {
    "fit_time": [
      0.027007102966308594,
      0.027537107467651367,
      0.026927947998046875,
      0.02668166160583496,
      0.024341821670532227
    ],
    "score_time": [
      0.017571449279785156,
      0.017451763153076172,
      0.01730632781982422,
      0.016837596893310547,
      0.01556706428527832
    ],
    "test_r2": [
      0.06932920840869983,
      -0.013040256753098722,
      0.007279960534878449,
      -0.1628762801210537,
      0.022595052544301497
    ],
    "test_rmse": [
      -1.083900654562221,
      -1.7299149495251696,
      -1.1757506279657415,
      -0.8165221123515667,
      -1.1094023699780804
    ],