{
  "13": {
    "fit_time": [
      18.948486328125,
      18.84550452232361,
      19.13737177848816,
      18.511684894561768,
      18.54795527458191
    ],
    "score_time": [
      0.6673171520233154,
      0.683729887008667,
      0.694535493850708,
      0.6363344192504883,
      0.626753568649292
    ],
    "test_r2": [
      0.3014300984813756,
      0.5015971651137175,
      0.2094017282363848,
      0.5576134954823923,
      0.36474183243705716
    ],
    "test_rmse": [
      -1.2708032863022252,
      -0.6876323345389302,
      -0.9880016252844289,
      -0.4562677055000765,
      -1.2661294256286817
    ],
    "test_mae": [
      -0.3579994516164498,
      -0.22218099704056332,
      -0.29944346593626325,
      -0.15424636379790674,
      -0.35441316987100424
    ],
    "best_params": {
      "check_inverse": true,
      "func": null,
      "inverse_func": null,
      "regressor__natural_gradient": true,
      "regressor__n_estimators": 2000,
      "regressor__learning_rate": 0.001,
      "regressor__minibatch_frac": 1.0,
      "regressor__col_sample": 1.0,
      "regressor__verbose": false,
      "transformer__memory": null,
      "transformer__verbose": false,
      "transformer__log transform__accept_sparse": false,
      "transformer__log transform__check_inverse": true,
      "transformer__log transform__feature_names_out": null,
      "transformer__log transform__inv_kw_args": null,
      "transformer__log transform__kw_args": null,
      "transformer__log transform__validate": false,
      "transformer__y scaler__copy": true,
      "transformer__y scaler__with_mean": true,
      "transformer__y scaler__with_std": true
    },
    "generalizability_scores": {
      "train_sizes": [
        33,
        132,
        230,
        330
      ],
      "train_sizes_fraction": [
        0.07990314769975787,
        0.3196125907990315,
        0.5569007263922519,
        0.7990314769975787
      ],
      "train_scores": [
        [
          0.980963563468339,
          0.9926705564488731,
          0.9393068531217598,
          0.9932414452525737,
          0.8159032655385867
        ],
        [
          0.7351475116072765,
          0.6530459469409007,
          0.9071753585706768,
          0.8534255112476024,
          0.7373908506597521
        ],
        [
          0.814799210670722,
          0.6990827821670063,
          0.8189825601061469,
          0.7833082374194058,
          0.5751166332362503
        ],
        [
          0.7330797155770177,
          0.6933611902907038,
          0.7642102998381703,
          0.6802606913024813,
          0.5932541316711404
        ]
      ],
      "test_scores": [
        [
          0.04589092069903622,
          0.18911786785792628,
          0.08794184863789001,
          0.34957470084036335,
          -0.06687494700698382
        ],
        [
          0.6449899281813605,
          0.7233433639320046,
          0.1668309243313888,
          0.7433565997913754,
          0.32571733105767975
        ],
        [
          0.6373854730381232,
          0.7868869856077336,
          0.09992386034612044,
          0.7329494304572739,
          0.593383388413296
        ],
        [
          0.5035668860262881,
          0.7857270490274639,
          0.1054177233057193,
          0.7439558764331935,
          0.7033639633827757
        ]
      ]
    }
  },
  "42": {
    "fit_time": [
      18.585563898086548,
      18.650402784347534,
      18.774495601654053,
      18.758354663848877,
      18.597257614135742
    ],
    "score_time": [
      0.6917271614074707,
      0.6711952686309814,
      0.6732087135314941,
      0.688591480255127,
      0.6549034118652344
    ],
    "test_r2": [
      0.2510098670105232,
      0.3719037739757306,
      0.37038917187239473,
      0.3685621377407583,
      0.4721498382691991
    ],
    "test_rmse": [
      -1.583535357593885,
      -0.567866067198706,
      -0.8506794257667923,
      -1.157815849317947,
      -0.3325592881972658
    ],
    "test_mae": [
      -0.521746149766017,
      -0.17330699768172073,
      -0.21261339282800826,
      -0.40509508426801927,
      -0.09022147361791327
    ],
    "best_params": {
      "check_inverse": true,
      "func": null,
      "inverse_func": null,
      "regressor__natural_gradient": true,
      "regressor__n_estimators": 2000,
      "regressor__learning_rate": 0.001,
      "regressor__minibatch_frac": 1.0,
      "regressor__col_sample": 1.0,
      "regressor__verbose": false,
      "transformer__memory": null,
      "transformer__verbose": false,
      "transformer__log transform__accept_sparse": false,
      "transformer__log transform__check_inverse": true,
      "transformer__log transform__feature_names_out": null,
      "transformer__log transform__inv_kw_args": null,
      "transformer__log transform__kw_args": null,
      "transformer__log transform__validate": false,
      "transformer__y scaler__copy": true,
      "transformer__y scaler__with_mean": true,
      "transformer__y scaler__with_std": true
    },
    "generalizability_scores": {
      "train_sizes": [
        33,
        132,
        230,
        330
      ],
      "train_sizes_fraction": [
        0.07990314769975787,
        0.3196125907990315,
        0.5569007263922519,
        0.7990314769975787
      ],
      "train_scores": [
        [
          0.9770171302737,
          0.9989258669186408,
          0.9885886795194975,
          0.8385739958249514,
          0.9607406336833028
        ],
        [
          0.7879099546791023,
          0.8180090831705883,
          0.7304766729269272,
          0.8357857450036099,
          0.9221727754211546
        ],
        [
          0.6799394729652144,
          0.7351615882006585,
          0.7054343385491075,
          0.7804637135332617,
          0.8758059898222299
        ],
        [
          0.7025632893918494,
          0.7033695042744705,
          0.6464541405089872,
          0.6763521663957448,
          0.7110037170541275
        ]
      ],
      "test_scores": [
        [
          0.22895227866507573,
          -0.17672474003702088,
          0.3576797390437396,
          0.589771245538022,
          -0.0373435240410287
        ],
        [
          0.7150595639270464,
          0.6391504051068297,
          0.6024489649799128,
          0.46923911699263254,
          -1.4257567165000138
        ],
        [
          0.6107868410508539,
          0.6811826006443022,
          0.666979021960559,
          0.5575650111680927,
          -0.1328074770746046
        ],
        [
          0.5668233114695466,
          0.5670156643596677,
          0.6295721984857994,
          0.598808339559404,
          0.4055072542686894
        ]
      ]
    }
  },
  "69": {
    "fit_time": [
      18.76268434524536,
      18.780885457992554,
      18.810790538787842,
      19.495445013046265,
      18.58714485168457
    ],
    "score_time": [
      0.6418592929840088,
      0.6688084602355957,
      0.6704375743865967,
      0.666297197341919,
      0.6224498748779297
    ],
    "test_r2": [
      0.5090852235338985,
      0.34955293935702825,
      0.4335029275505473,
      0.2684241551192549,
      0.4178125427441668
    ],
    "test_rmse": [
      -0.7872170446015102,
      -1.38617281538622,
      -0.888179325866018,
      -0.6476358380269656,
      -0.8562158146118726
    ],
    "test_mae": [
      -0.27523437397917544,
      -0.40694800914964147,
      -0.2821179759781312,
      -0.148471744180637,
      -0.2303390438177361
    ],
    "best_params": {
      "check_inverse": true,
      "func": null,
      "inverse_func": null,
      "regressor__natural_gradient": true,
      "regressor__n_estimators": 2000,
      "regressor__learning_rate": 0.001,
      "regressor__minibatch_frac": 1.0,
      "regressor__col_sample": 1.0,
      "regressor__verbose": false,
      "transformer__memory": null,
      "transformer__verbose": false,