{
  "13": {
    "fit_time": [
      16.687980890274048,
      16.61509919166565,
      15.613635778427124,
      15.859508275985718,
      16.035181760787964
    ],
    "score_time": [
      0.5197839736938477,
      0.5365004539489746,
      0.4872150421142578,
      0.41905760765075684,
      0.5040593147277832
    ],
    "test_r2": [
      0.013971484069606688,
      0.07551193719331284,
      0.04745076610196186,
      0.14036192716879614,
      0.03036126131969452
    ],
    "test_rmse": [
      -1.5097955181309253,
      -0.9365192147095884,
      -1.0844847384410077,
      -0.6360285587255111,
      -1.564256442756839
    ],
    "test_mae": [
      -0.42660605420524295,
      -0.30855871771765536,
      -0.330365504021816,
      -0.19608601788867097,
      -0.4711159921998291
    ],
    "best_params": {
      "check_inverse": true,
      "func": null,
      "inverse_func": null,
      "regressor__natural_gradient": true,
      "regressor__n_estimators": 2000,
      "regressor__learning_rate": 0.001,
      "regressor__minibatch_frac": 1.0,
      "regressor__col_sample": 1.0,
      "regressor__verbose": false,
      "transformer__memory": null,
      "transformer__verbose": false,
      "transformer__log transform__accept_sparse": false,
      "transformer__log transform__check_inverse": true,
      "transformer__log transform__feature_names_out": null,
      "transformer__log transform__inv_kw_args": null,
      "transformer__log transform__kw_args": null,
      "transformer__log transform__validate": false,
      "transformer__y scaler__copy": true,
      "transformer__y scaler__with_mean": true,
      "transformer__y scaler__with_std": true
    },
    "generalizability_scores": {
      "train_sizes": [
        33,
        132,
        230,
        330
      ],
      "train_sizes_fraction": [
        0.07990314769975787,
        0.3196125907990315,
        0.5569007263922519,
        0.7990314769975787
      ],
      "train_scores": [
        [
          0.7696940497392615,
          0.39316969462033946,
          0.730290729940104,
          0.6192812596269557,
          0.6282094664802647
        ],
        [
          0.1451346094740933,
          0.16920868811278955,
          0.1555948260099539,
          0.19579709291195802,
          0.5154592662084231
        ],
        [
          0.09167543416887691,
          0.1412702210106359,
          0.12175057824993696,
          0.1367382037243986,
          0.2713241661623186
        ],
        [
          0.10239256368345151,
          0.09929182761950628,
          0.07177661774338628,
          0.11841629743417081,
          0.19630955577700415
        ]
      ],
      "test_scores": [
        [
          -0.06062730982764708,
          0.26172787382967133,
          -0.22865523453967973,
          -1.3180742462728525,
          -0.03744438477984202
        ],
        [
          0.03786383807322502,
          0.20541537703450297,
          0.2282021913488237,
          0.1896283741660778,
          0.04280412903449027
        ],
        [
          0.06120505827603884,
          0.1908492022374716,
          0.23431106427976667,
          0.1703570254087431,
          0.03410554235177787
        ],
        [
          0.05296130578844782,
          0.1451716609512802,
          0.13292452120818188,
          0.1604539862669382,
          0.04836742758716084
        ]
      ]
    }
  },
  "42": {
    "fit_time": [
      16.222471237182617,
      16.17745852470398,
      16.352147340774536,
      16.48702836036682,
      16.52281165122986
    ],
    "score_time": [
      0.509181022644043,
      0.49794769287109375,
      0.5224847793579102,
      0.4926152229309082,
      0.5058932304382324
    ],
    "test_r2": [
      -0.029066230964962303,
      0.14291414850478035,
      0.06398830319360471,
      0.01378276819531199,
      0.2182688764835996
    ],
    "test_rmse": [
      -1.8561427788466531,
      -0.6633534455176324,
      -1.0372190221796909,
      -1.44697315467245,
      -0.4047086194213051
    ],
    "test_mae": [
      -0.6280124510828067,
      -0.2217824974691802,
      -0.27618283540269634,
      -0.4808628927561176,
      -0.1356638271295984
    ],
    "best_params": {
      "check_inverse": true,
      "func": null,
      "inverse_func": null,
      "regressor__natural_gradient": true,
      "regressor__n_estimators": 2000,
      "regressor__learning_rate": 0.001,
      "regressor__minibatch_frac": 1.0,
      "regressor__col_sample": 1.0,
      "regressor__verbose": false,
      "transformer__memory": null,
      "transformer__verbose": false,
      "transformer__log transform__accept_sparse": false,
      "transformer__log transform__check_inverse": true,
      "transformer__log transform__feature_names_out": null,
      "transformer__log transform__inv_kw_args": null,
      "transformer__log transform__kw_args": null,
      "transformer__log transform__validate": false,
      "transformer__y scaler__copy": true,
      "transformer__y scaler__with_mean": true,
      "transformer__y scaler__with_std": true
    },
    "generalizability_scores": {
      "train_sizes": [
        33,
        132,
        230,
        330
      ],
      "train_sizes_fraction": [
        0.07990314769975787,
        0.3196125907990315,
        0.5569007263922519,
        0.7990314769975787
      ],
      "train_scores": [
        [
          0.9652144196190461,
          0.08045674469224318,
          0.3567750961131365,
          0.2237844400798885,
          0.28668957021697616
        ],
        [
          0.19095106479792057,
          0.20218389835794515,
          0.1396387799467136,
          0.14387897757564194,
          0.20996091598088995
        ],
        [
          0.22598452326401863,
          0.16995974125769686,
          0.08348064164097235,
          0.09957922079395609,
          0.17398333322440473
        ],
        [
          0.15647077830363032,
          0.13221353420376614,
          0.09405725813458832,
          0.07689589408887987,
          0.1580330959485412
        ]
      ],
      "test_scores": [
        [
          0.03101279866271589,
          -0.13458358039227214,
          0.1237031160895502,
          0.20507011256935603,
          -0.09960668573704323
        ],
        [
          0.061500070525312256,
          0.2690772482533855,
          0.13577963404584859,
          0.15063582943502996,
          0.07270189581490194
        ],
        [
          0.023286241152965403,
          0.27006394220615026,
          0.12538311471903563,
          0.09346665858000025,
          0.09578972722861312
        ],
        [
          -0.0007891885045778757,
          0.2205531962452839,
          0.134109852494938,
          0.051400007228546096,
          0.17425558657470963
        ]
      ]
    }
  },
  "69": {
    "fit_time": [
      15.961212158203125,
      16.093213081359863,
      16.12632918357849,
      16.14261293411255,
      16.57127857208252
    ],
    "score_time": [
      0.4959440231323242,
      0.5013222694396973,
      0.5039055347442627,
      0.5027961730957031,
      0.5294528007507324
    ],
    "test_r2": [
      0.06469636983543237,
      0.0029549683507369418,
      0.034890149252671865,
      0.11911439163194948,
      0.07372659371489887
    ],
    "test_rmse": [
      -1.0865951105748508,
      -1.716203513128794,
      -1.1592849536032572,
      -0.7106584948483676,
      -1.0799941934490929
    ],
    "test_mae": [
      -0.3815279721585509,
      -0.5198960668039087,
      -0.3784989957390814,
      -0.15965431283123863,
      -0.291335986600056
    ],
    "best_params": {
      "check_inverse": true,
      "func": null,
      "inverse_func": null,
      "regressor__natural_gradient": true,
      "regressor__n_estimators": 2000,
      "regressor__learning_rate": 0.001,
      "regressor__minibatch_frac": 1.0,
      "regressor__col_sample": 1.0,
      "regressor__verbose": false,
      "transformer__memory": null,