{
  "13": {
    "fit_time": [
      0.012753725051879883,
      0.02017974853515625,
      0.019353866577148438,
      0.01875591278076172,
      0.016778945922851562
    ],
    "score_time": [
      0.006334543228149414,
      0.006644725799560547,
      0.0064792633056640625,
      0.006421327590942383,
      0.006315708160400391
    ],
    "test_r2": [
      -0.02482288923483389,
      -0.0071529039273210415,
      -0.016332208158683414,
      0.06089461487754544,
      -0.01325890082708936
    ],
    "test_rmse": [
      -1.5392097394636854,
      -0.977493195803072,
      -1.1202051710449885,
      -0.6647769630549849,
      -1.599054209978394
    ],
    "test_mae": [
      -0.4399927006216149,
      -0.3199596190756346,
      -0.3475963365158519,
      -0.22108217926898263,
      -0.469674316334459
    ],
    "best_params": {
      "check_inverse": true,
      "func": null,
      "inverse_func": null,
      "regressor__alpha": 0.0001,
      "regressor__copy_X": true,
      "regressor__fit_intercept": true,
      "regressor__l1_ratio": 0.0,
      "regressor__max_iter": 1000,
      "regressor__positive": false,
      "regressor__precompute": false,
      "regressor__random_state": null,
      "regressor__selection": "cyclic",
      "regressor__tol": 0.0001,
      "regressor__warm_start": false,
      "transformer__memory": null,
      "transformer__verbose": false,
      "transformer__log transform__accept_sparse": false,
      "transformer__log transform__check_inverse": true,
      "transformer__log transform__feature_names_out": null,
      "transformer__log transform__inv_kw_args": null,
      "transformer__log transform__kw_args": null,
      "transformer__log transform__validate": false,
      "transformer__y scaler__copy": true,
      "transformer__y scaler__with_mean": true,
      "transformer__y scaler__with_std": true
    },
    "generalizability_scores": {
      "train_sizes": [
        33,
        132,
        230,
        330
      ],
      "train_sizes_fraction": [
        0.07990314769975787,
        0.3196125907990315,
        0.5569007263922519,
        0.7990314769975787
      ],
      "train_scores": [
        [
          -0.1739274907748345,
          -0.10656641339803685,
          -0.1292715365168855,
          -0.09549842608688408,
          -0.49680423225320003
        ],
        [
          -0.09367542162492826,
          -0.10378714734121486,
          -0.10124338955552004,
          -0.10335446670835813,
          -0.11055743165876875
        ],
        [
          -0.0888000734552612,
          -0.08600551230092268,
          -0.10032006203712229,
          -0.09030640714126492,
          -0.09205948540854725
        ],
        [
          -0.09271613923084243,
          -0.08558014609486686,
          -0.08720371139177274,
          -0.0914324206620809,
          -0.09412880564798742
        ]
      ],
      "test_scores": [
        [
          -0.09050862143899252,
          -0.10990277978461171,
          -0.09622848659184857,
          -0.11689213610817983,
          -0.09293930909464776
        ],
        [
          -0.09049749372933191,
          -0.11501010337473017,
          -0.10520807639544216,
          -0.09676314340558712,
          -0.08728705511814927
        ],
        [
          -0.09238344761330763,
          -0.11686453635651706,
          -0.10150579401220639,
          -0.10114515966386195,
          -0.08739898940255464
        ],
        [
          -0.09109007536461355,
          -0.11752066496568192,
          -0.1024366625331905,
          -0.09815322787655356,
          -0.08822195003852373
        ]
      ]
    }
  },
  "42": {
    "fit_time": [
      0.018957138061523438,
      0.01880359649658203,
      0.015598058700561523,
      0.01776123046875,
      0.01776123046875
    ],
    "score_time": [
      0.007025241851806641,
      0.006825685501098633,
      0.007250070571899414,
      0.006625652313232422,
      0.006601572036743164
    ],
    "test_r2": [
      -0.056055058383575496,
      0.008093224954273781,
      0.004014695423208425,
      -0.047932882411471534,
      0.1051766245445398
    ],
    "test_rmse": [
      -1.880325333015599,
      -0.7136220399290457,
      -1.069932304309555,
      -1.491560640375381,
      -0.4329945328120199
    ],
    "test_mae": [
      -0.6408048112371264,
      -0.22902375739974673,
      -0.27514275287602336,
      -0.5115579806378792,
      -0.14800248986523176
    ],
    "best_params": {
      "check_inverse": true,
      "func": null,
      "inverse_func": null,
      "regressor__alpha": 0.00013833842110899002,
      "regressor__copy_X": true,
      "regressor__fit_intercept": true,
      "regressor__l1_ratio": 0.0,
      "regressor__max_iter": 1000,
      "regressor__positive": false,
      "regressor__precompute": false,
      "regressor__random_state": null,
      "regressor__selection": "cyclic",
      "regressor__tol": 0.0001,
      "regressor__warm_start": false,
      "transformer__memory": null,
      "transformer__verbose": false,
      "transformer__log transform__accept_sparse": false,
      "transformer__log transform__check_inverse": true,
      "transformer__log transform__feature_names_out": null,
      "transformer__log transform__inv_kw_args": null,
      "transformer__log transform__kw_args": null,
      "transformer__log transform__validate": false,
      "transformer__y scaler__copy": true,
      "transformer__y scaler__with_mean": true,
      "transformer__y scaler__with_std": true
    },
    "generalizability_scores": {
      "train_sizes": [
        33,
        132,
        230,
        330
      ],
      "train_sizes_fraction": [
        0.07990314769975787,
        0.3196125907990315,
        0.5569007263922519,
        0.7990314769975787
      ],
      "train_scores": [
        [
          -0.14623730265974988,
          -0.06341667480728375,
          -0.17270580857529394,
          -0.09769563099085388,
          -0.14125867309017792
        ],
        [
          -0.10059689163854535,
          -0.09869201368227642,
          -0.11015079441474729,
          -0.09293222850239391,
          -0.1353742505470532
        ],
        [
          -0.0938740165433185,
          -0.10064104563105758,
          -0.09236733615777037,
          -0.08760247520702835,
          -0.10444521361391135
        ],
        [
          -0.08591734275654472,
          -0.09143666768064462,
          -0.09464591351229701,
          -0.08109429111219568,
          -0.0981937284750738
        ]
      ],
      "test_scores": [
        [
          -0.12495127798817718,
          -0.10866412680477966,
          -0.07208136374295382,
          -0.11297787626380962,
          -0.08480909279065552
        ],
        [
          -0.12210570957515854,
          -0.11191196184963825,
          -0.07468578418543781,
          -0.12422444981559444,
          -0.06167726361947401
        ],
        [
          -0.12418888524199256,
          -0.1155420010102648,
          -0.07151211082618936,
          -0.12694204340297133,
          -0.07555132244487317
        ],
        [
          -0.12599584767439032,
          -0.1157054494769636,
          -0.07224649718663834,
          -0.12916898376376906,
          -0.08105552972209007
        ]
      ]
    }
  },
  "69": {
    "fit_time": [
      0.01847553253173828,
      0.018172264099121094,
      0.017882347106933594,
      0.017443180084228516,
      0.017599105834960938
    ],
    "score_time": [
      0.006783246994018555,
      0.006708621978759766,
      0.006745576858520508,
      0.0067310333251953125,
      0.006635189056396484
    ],
    "test_r2": [
      -0.008636976330683277,
      -0.03754033057562567,
      -0.026204145520407174,
      0.031838385901641675,
      0.0055123233455015574
    ],
    "test_rmse": [
      -1.1283890916770745,
      -1.7507087141688997,
      -1.1954150173219673,
      -0.7450323389994381,
      -1.1190552414675445
    ],