{
  "13": {
    "fit_time": [
      33.28145718574524,
      31.951308250427246,
      32.467509508132935,
      33.67137002944946,
      30.276886463165283
    ],
    "score_time": [
      1.0287365913391113,
      1.0575127601623535,
      1.0332326889038086,
      1.033449411392212,
      1.0314176082611084
    ],
    "test_r2": [
      -0.04110130598823969,
      -0.024154753236355964,
      -0.02353974954026694,
      0.027998151857848153,
      -0.04005561790654322
    ],
    "test_rmse": [
      -1.5513860786960403,
      -0.9857092473158505,
      -1.1241702432402987,
      -0.6763201721428315,
      -1.6200605830377866
    ],
    "test_mae": [
      -0.44219820687852535,
      -0.3188512184119164,
      -0.34549164750270034,
      -0.21735477830868186,
      -0.4629118221096689
    ],
    "best_params": {
      "check_inverse": true,
      "func": null,
      "inverse_func": null,
      "regressor__natural_gradient": true,
      "regressor__n_estimators": 2000,
      "regressor__learning_rate": 0.001,
      "regressor__minibatch_frac": 1.0,
      "regressor__col_sample": 1.0,
      "regressor__verbose": false,
      "transformer__memory": null,
      "transformer__verbose": false,
      "transformer__log transform__accept_sparse": false,
      "transformer__log transform__check_inverse": true,
      "transformer__log transform__feature_names_out": null,
      "transformer__log transform__inv_kw_args": null,
      "transformer__log transform__kw_args": null,
      "transformer__log transform__validate": false,
      "transformer__y scaler__copy": true,
      "transformer__y scaler__with_mean": true,
      "transformer__y scaler__with_std": true
    },
    "generalizability_scores": {
      "train_sizes": [
        33,
        132,
        230,
        330
      ],
      "train_sizes_fraction": [
        0.07990314769975787,
        0.3196125907990315,
        0.5569007263922519,
        0.7990314769975787
      ],
      "train_scores": [
        [
          -0.013377847316773384,
          -0.07751309321563271,
          -0.002138110778669544,
          0.11038024157173865,
          -0.09203257847910096
        ],
        [
          -0.02431085070304917,
          -0.03852778942469692,
          -0.025171365215429065,
          -0.026915068293605238,
          -0.03134121101762988
        ],
        [
          -0.03171811378034306,
          -0.027800129211450475,
          -0.039787995134757725,
          -0.029088189200350723,
          -0.016400595919501937
        ],
        [
          -0.02473940245631212,
          -0.02239929572626065,
          -0.019481805663015495,
          -0.023725394914659192,
          -0.02127974298821833
        ]
      ],
      "test_scores": [
        [
          -0.053689842767592255,
          -0.0640924154473963,
          0.04230487839243935,
          0.09808965397327951,
          -0.07649640027275151
        ],
        [
          -0.044190226287496026,
          -0.027563643758107714,
          -0.015508296739529692,
          0.04902030751469988,
          -0.04318813115877873
        ],
        [
          -0.044275429303286096,
          -0.027296682465893563,
          -0.023452738432690357,
          0.0242637557835651,
          -0.031926215945738745
        ],
        [
          -0.03919009302646037,
          -0.020690908628098192,
          -0.02048439708367633,
          0.03230850831660337,
          -0.03813201010136269
        ]
      ]
    }
  },
  "42": {
    "fit_time": [
      30.435104846954346,
      32.68337559700012,
      31.47662663459778,
      31.470549821853638,
      31.658432722091675
    ],
    "score_time": [
      0.983809232711792,
      1.0054965019226074,
      1.0103332996368408,
      1.0326569080352783,
      1.012286901473999
    ],
    "test_r2": [
      -0.07048498101155665,
      -0.002006662246794688,
      -0.01242866285350952,
      -0.06423920015083051,
      0.06519384706918363
    ],
    "test_rmse": [
      -1.893128117616698,
      -0.7172459932474086,
      -1.0787282467593904,
      -1.5031205295343222,
      -0.44256242038457666
    ],
    "test_mae": [
      -0.6437584101911994,
      -0.22189816869767706,
      -0.26830452188799875,
      -0.5123513213004269,
      -0.14555289930239138
    ],
    "best_params": {
      "check_inverse": true,
      "func": null,
      "inverse_func": null,
      "regressor__natural_gradient": true,
      "regressor__n_estimators": 2000,
      "regressor__learning_rate": 0.001,
      "regressor__minibatch_frac": 1.0,
      "regressor__col_sample": 1.0,
      "regressor__verbose": false,
      "transformer__memory": null,
      "transformer__verbose": false,
      "transformer__log transform__accept_sparse": false,
      "transformer__log transform__check_inverse": true,
      "transformer__log transform__feature_names_out": null,
      "transformer__log transform__inv_kw_args": null,
      "transformer__log transform__kw_args": null,
      "transformer__log transform__validate": false,
      "transformer__y scaler__copy": true,
      "transformer__y scaler__with_mean": true,
      "transformer__y scaler__with_std": true
    },
    "generalizability_scores": {
      "train_sizes": [
        33,
        132,
        230,
        330
      ],
      "train_sizes_fraction": [
        0.07990314769975787,
        0.3196125907990315,
        0.5569007263922519,
        0.7990314769975787
      ],
      "train_scores": [
        [
          0.00721833155839724,
          -0.0014573390598877634,
          -0.07422442907445581,
          -0.018603949384590868,
          0.0005184642912763326
        ],
        [
          -0.0045538604087900225,
          -0.01813583792168849,
          -0.04128896495975343,
          -0.030664789554576855,
          -0.061219395962380574
        ],
        [
          -0.0019423255756103597,
          -0.02802976995196249,
          -0.033502760481091576,
          -0.024626272823408568,
          -0.028698708947025642
        ],
        [
          -0.006091028881375138,
          -0.02902376575015775,
          -0.03358078023729294,
          -0.01703178255629978,
          -0.022946500961878336
        ]
      ],
      "test_scores": [
        [
          -0.07239015473830301,
          0.035631960434218346,
          -0.0425046983018631,
          -0.02225845151337369,
          0.08062059855733572
        ],
        [
          -0.0564813282334391,
          0.022387732511061298,
          -0.022844284520175062,
          -0.05399910438182265,
          0.08883845652864586
        ],
        [
          -0.06283283310835319,
          0.010557835993747822,
          -0.009047482564832565,
          -0.05639822842977904,
          0.08010602833132596
        ],
        [
          -0.0682464923572379,
          0.0018459653820072086,
          -0.010232889390266786,
          -0.06164346459364345,
          0.06909259533242873
        ]
      ]
    }
  },
  "69": {
    "fit_time": [
      48.689168214797974,
      43.63602542877197,
      45.81784772872925,
      44.99009919166565,
      44.56378436088562
    ],
    "score_time": [
      1.0150971412658691,
      2.2103378772735596,
      1.4322285652160645,
      1.8977560997009277,
      2.3595197200775146
    ],
    "test_r2": [
      -0.04121029807311083,
      -0.05030068496270035,
      -0.0421535879477668,
      0.024008123969244233,
      -0.012658698604979701
    ],
    "test_rmse": [
      -1.1464646385073534,
      -1.7614414997534231,
      -1.204668873239255,
      -0.7480390943504592,
      -1.1292325069762568
    ],
    "test_mae": [
      -0.3906068716469872,
      -0.5309599857282299,
      -0.38795707581155914,
      -0.1645044557425351,
      -0.309620121682415
    ],
    "best_params": {
      "check_inverse": true,
      "func": null,
      "inverse_func": null,
      "regressor__natural_gradient": true,
      "regressor__n_estimators": 2000,
      "regressor__learning_rate": 0.001,